Vigencia desde (dd/mm/aaaa),Vigencia hasta (dd/mm/aaaa),DTF,CDT 180,CDT 360,TCC
11/04/2022,17/04/2022,0.0558,0.0626,0.0872,0.0647
04/04/2022,10/04/2022,0.0528,0.0616,0.0795,0
28/03/2022,03/04/2022,0.0515,0.0576,0.0782,0
21/03/2022,27/03/2022,0.0512,0.0574,0.0774,0.0345
14/03/2022,20/03/2022,0.0452,0.0532,0.0743,0
07/03/2022,13/03/2022,0.0486,0.0503,0.066,0.0615
28/02/2022,06/03/2022,0.044,0.0482,0.0652,0
21/02/2022,27/02/2022,0.0406,0.0467,0.0605,0.0345
14/02/2022,20/02/2022,0.04,0.0447,0.0603,0.0305
07/02/2022,13/02/2022,0.0374,0.043,0.0578,0
31/01/2022,06/02/2022,0.0354,0.0414,0.0538,0.0449
24/01/2022,30/01/2022,0.0335,0.0418,0.0547,0
17/01/2022,23/01/2022,0.0352,0.0413,0.0516,0
10/01/2022,16/01/2022,0.033,0.037,0.0504,0.0305
03/01/2022,09/01/2022,0.0322,0.0377,0.0507,0
27/12/2021,02/01/2022,0.0321,0.0382,0.0532,0.0305
20/12/2021,26/12/2021,0.0304,0.0382,0.0511,0.0305
13/12/2021,19/12/2021,0.0283,0.0338,0.0496,0
06/12/2021,12/12/2021,0.028,0.0326,0.0482,0
29/11/2021,05/12/2021,0.0277,0.0338,0.0448,0
22/11/2021,28/11/2021,0.0265,0.0327,0.0465,0
15/11/2021,21/11/2021,0.0262,0.0297,0.0444,0
08/11/2021,14/11/2021,0.0244,0.0288,0.0459,0
01/11/2021,07/11/2021,0.0238,0.0283,0.0391,0
25/10/2021,31/10/2021,0.0222,0.0279,0.0385,0
18/10/2021,24/10/2021,0.0215,0.0261,0.0364,0.014
11/10/2021,17/10/2021,0.0202,0.0256,0.0353,0
04/10/2021,10/10/2021,0.0204,0.0248,0.0334,0
27/09/2021,03/10/2021,0.0206,0.0238,0.0349,0.014
20/09/2021,26/09/2021,0.0205,0.0245,0.0326,0
13/09/2021,19/09/2021,0.0203,0.0244,0.029,0.0205
06/09/2021,12/09/2021,0.0205,0.0244,0.0305,0
30/08/2021,05/09/2021,0.0202,0.0238,0.0288,0
23/08/2021,29/08/2021,0.0203,0.0227,0.031,0.0222
16/08/2021,22/08/2021,0.0196,0.0234,0.0313,0
09/08/2021,15/08/2021,0.0186,0.0221,0.0289,0
02/08/2021,08/08/2021,0.0198,0.0228,0.0314,0.021
26/07/2021,01/08/2021,0.0191,0.022,0.0332,0
19/07/2021,25/07/2021,0.0191,0.0217,0.0328,0
12/07/2021,18/07/2021,0.0189,0.0214,0.0315,0.014
05/07/2021,11/07/2021,0.0185,0.0216,0.0341,0
28/06/2021,04/07/2021,0.0191,0.0218,0.0325,0.014
21/06/2021,27/06/2021,0.0192,0.0216,0.0303,0
14/06/2021,20/06/2021,0.0193,0.0215,0.0304,0
07/06/2021,13/06/2021,0.0188,0.0218,0.0299,0
31/05/2021,06/06/2021,0.0189,0.0213,0.0301,0.014
24/05/2021,30/05/2021,0.0187,0.0211,0.03,0
17/05/2021,23/05/2021,0.0175,0.0214,0.0271,0
10/05/2021,16/05/2021,0.0179,0.0209,0.0262,0
03/05/2021,09/05/2021,0.018,0.0217,0.0277,0.014
26/04/2021,02/05/2021,0.0178,0.0204,0.0274,0.014
19/04/2021,25/04/2021,0.0176,0.021,0.0261,0
12/04/2021,18/04/2021,0.017,0.0209,0.0267,0.014
05/04/2021,11/04/2021,0.0174,0.0216,0.0251,0
29/03/2021,04/04/2021,0.0173,0.0212,0.0258,0.0141
22/03/2021,28/03/2021,0.0177,0.021,0.0224,0.014
15/03/2021,21/03/2021,0.0174,0.0212,0.0255,0
08/03/2021,14/03/2021,0.0189,0.0216,0.0262,0
01/03/2021,07/03/2021,0.0177,0.0212,0.0259,0
22/02/2021,28/02/2021,0.0181,0.0191,0.0233,0.0175
15/02/2021,21/02/2021,0.0181,0.0223,0.0236,0
08/02/2021,14/02/2021,0.0183,0.0224,0.0255,0.0175
01/02/2021,07/02/2021,0.0191,0.0223,0.0252,0
25/01/2021,31/01/2021,0.0193,0.022,0.0264,0
18/01/2021,24/01/2021,0.0192,0.0231,0.0253,0.0178
11/01/2021,17/01/2021,0.0187,0.0219,0.0278,0.0175
04/01/2021,10/01/2021,0.019,0.0232,0.0304,0
28/12/2020,03/01/2021,0.0189,0.0228,0.0295,0.0195
21/12/2020,27/12/2020,0.0194,0.023,0.0268,0.0195
14/12/2020,20/12/2020,0.0194,0.0235,0.0281,0.0195
07/12/2020,13/12/2020,0.0195,0.0243,0.0271,0
30/11/2020,06/12/2020,0.0196,0.0233,0.0287,0.0195
23/11/2020,29/11/2020,0.0197,0.0228,0.0286,0.0175
16/11/2020,22/11/2020,0.0198,0.0244,0.0292,0.0195
09/11/2020,15/11/2020,0.0197,0.0244,0.0305,0
02/11/2020,08/11/2020,0.0201,0.0247,0.0303,0.02
26/10/2020,01/11/2020,0.0198,0.0242,0.0294,0.0205
19/10/2020,25/10/2020,0.0204,0.0248,0.0289,0
12/10/2020,18/10/2020,0.0209,0.0253,0.0308,0.02
05/10/2020,11/10/2020,0.0214,0.0268,0.033,0
28/09/2020,04/10/2020,0.0232,0.0266,0.0293,0.0205
21/09/2020,27/09/2020,0.0239,0.028,0.0315,0.0205
14/09/2020,20/09/2020,0.025,0.0298,0.0321,0.0205
07/09/2020,13/09/2020,0.0265,0.0295,0.0324,0.0205
31/08/2020,06/09/2020,0.0264,0.0314,0.0343,0.0225
24/08/2020,30/08/2020,0.027,0.0315,0.0331,0
17/08/2020,23/08/2020,0.0293,0.0326,0.0361,0.0257
10/08/2020,16/08/2020,0.03,0.0344,0.0377,0.0285
03/08/2020,09/08/2020,0.0314,0.0354,0.0399,0.0295
27/07/2020,02/08/2020,0.0329,0.0375,0.0399,0.0315
20/07/2020,26/07/2020,0.0338,0.0387,0.0429,0.0342
13/07/2020,19/07/2020,0.0346,0.0392,0.0416,0.0335
06/07/2020,12/07/2020,0.036,0.0399,0.0438,0.042
29/06/2020,05/07/2020,0.0371,0.0404,0.0439,0.042
22/06/2020,28/06/2020,0.0376,0.0415,0.0451,0.0377
15/06/2020,21/06/2020,0.0383,0.0419,0.042,0.042
08/06/2020,14/06/2020,0.0395,0.04,0.0428,0.037
01/06/2020,07/06/2020,0.0417,0.0452,0.0484,0.04
25/05/2020,31/05/2020,0.0425,0.0454,0.0509,0.046
18/05/2020,24/05/2020,0.0436,0.0481,0.0516,0.046
11/05/2020,17/05/2020,0.0444,0.0469,0.0538,0.0469
04/05/2020,10/05/2020,0.0453,0.0469,0.0548,0.052
27/04/2020,03/05/2020,0.0466,0.0476,0.0536,0.0525
20/04/2020,26/04/2020,0.0452,0.0465,0.0532,0.047
13/04/2020,19/04/2020,0.0443,0.0477,0.0524,0.0395
06/04/2020,12/04/2020,0.0442,0.0471,0.0531,0.0395
30/03/2020,05/04/2020,0.0459,0.0468,0.0545,0.0395
23/03/2020,29/03/2020,0.045,0.0473,0.0528,0.0519
16/03/2020,22/03/2020,0.0446,0.0469,0.0527,0.0395
09/03/2020,15/03/2020,0.0456,0.0479,0.053,0.0395
02/03/2020,08/03/2020,0.0443,0.0462,0.0527,0.0395
24/02/2020,01/03/2020,0.0445,0.0467,0.0526,0.0395
17/02/2020,23/02/2020,0.0449,0.047,0.0531,0.0395
10/02/2020,16/02/2020,0.0443,0.047,0.0541,0.0395
03/02/2020,09/02/2020,0.0458,0.0479,0.0542,0.0414
27/01/2020,02/02/2020,0.0462,0.0475,0.0546,0.0395
20/01/2020,26/01/2020,0.0443,0.0476,0.0542,0.0395
13/01/2020,19/01/2020,0.045,0.0475,0.0534,0.0395
06/01/2020,12/01/2020,0.0449,0.0473,0.0542,0.0395
30/12/2019,05/01/2020,0.0448,0.0468,0.0544,0.0395
23/12/2019,29/12/2019,0.0446,0.0471,0.0533,0.0482
16/12/2019,22/12/2019,0.0446,0.0476,0.0549,0.0395
09/12/2019,15/12/2019,0.0464,0.0477,0.0542,0.0395
02/12/2019,08/12/2019,0.0446,0.0474,0.0528,0.0395
25/11/2019,01/12/2019,0.0449,0.047,0.0533,0.0395
18/11/2019,24/11/2019,0.0443,0.0475,0.0535,0.0395
11/11/2019,17/11/2019,0.0432,0.0473,0.0533,0.0395
04/11/2019,10/11/2019,0.0439,0.0468,0.0528,0.0429
28/10/2019,03/11/2019,0.0446,0.0474,0.0526,0.0395
21/10/2019,27/10/2019,0.0438,0.0465,0.0518,0.0395
14/10/2019,20/10/2019,0.0437,0.0463,0.0527,0.0411
07/10/2019,13/10/2019,0.0444,0.0469,0.0521,0.0395
30/09/2019,06/10/2019,0.0451,0.0473,0.0519,0.0395
23/09/2019,29/09/2019,0.044,0.0473,0.0522,0.0472
16/09/2019,22/09/2019,0.0451,0.0477,0.0531,0.0395
09/09/2019,15/09/2019,0.0451,0.0472,0.0531,0.0395
02/09/2019,08/09/2019,0.0445,0.0469,0.0533,0.0395
26/08/2019,01/09/2019,0.044,0.047,0.0525,0.045
19/08/2019,25/08/2019,0.0444,0.0468,0.0526,0.0395
12/08/2019,18/08/2019,0.0445,0.0472,0.0524,0.0395
05/08/2019,11/08/2019,0.0452,0.0467,0.0523,0.048
29/07/2019,04/08/2019,0.0451,0.0473,0.0526,0.0395
22/07/2019,28/07/2019,0.0443,0.0468,0.0525,0.0395
15/07/2019,21/07/2019,0.044,0.0466,0.0525,0.0411
08/07/2019,14/07/2019,0.0444,0.0474,0.0528,0.0457
01/07/2019,07/07/2019,0.0453,0.0472,0.053,0.0398
24/06/2019,30/06/2019,0.044,0.0476,0.0535,0.0395
17/06/2019,23/06/2019,0.0449,0.048,0.0542,0.0405
10/06/2019,16/06/2019,0.046,0.0481,0.0539,0.0395
03/06/2019,09/06/2019,0.045,0.0484,0.0537,0.0395
27/05/2019,02/06/2019,0.0447,0.0486,0.0542,0
20/05/2019,26/05/2019,0.0452,0.048,0.0546,0.0395
13/05/2019,19/05/2019,0.0452,0.0476,0.0541,0.0395
06/05/2019,12/05/2019,0.0448,0.048,0.0546,0.04
29/04/2019,05/05/2019,0.0454,0.0485,0.0544,0.0385
22/04/2019,28/04/2019,0.0455,0.0476,0.0541,0.0385
15/04/2019,21/04/2019,0.0452,0.048,0.0546,0.0407
08/04/2019,14/04/2019,0.0449,0.0485,0.0545,0.0385
01/04/2019,07/04/2019,0.0459,0.0482,0.0552,0.0385
25/03/2019,31/03/2019,0.0451,0.049,0.0553,0.0385
18/03/2019,24/03/2019,0.0449,0.0487,0.0557,0.0385
11/03/2019,17/03/2019,0.0464,0.0489,0.0557,0.0509
04/03/2019,10/03/2019,0.0463,0.0492,0.0562,0.0385
25/02/2019,03/03/2019,0.0457,0.0486,0.0564,0.0385
18/02/2019,24/02/2019,0.0454,0.0491,0.0561,0.0385
11/02/2019,17/02/2019,0.045,0.0479,0.0557,0.05
04/02/2019,10/02/2019,0.0454,0.0484,0.0559,0.051
28/01/2019,03/02/2019,0.0462,0.0484,0.0556,0.0385
21/01/2019,27/01/2019,0.0456,0.048,0.0555,0.0385
14/01/2019,20/01/2019,0.0451,0.0485,0.0533,0.0413
07/01/2019,13/01/2019,0.0456,0.0489,0.0545,0.0385
31/12/2018,06/01/2019,0.0454,0.0484,0.0516,0.0493
24/12/2018,30/12/2018,0.0451,0.0481,0.0541,0.0387
17/12/2018,23/12/2018,0.0455,0.0486,0.0531,0.0481
10/12/2018,16/12/2018,0.0454,0.0473,0.0524,0.0474
03/12/2018,09/12/2018,0.0443,0.0481,0.0524,0.04
26/11/2018,02/12/2018,0.0442,0.047,0.051,0.04
19/11/2018,25/11/2018,0.0447,0.0469,0.0512,0.04
12/11/2018,18/11/2018,0.0435,0.0468,0.0518,0.04
05/11/2018,11/11/2018,0.0441,0.0482,0.0511,0.04
29/10/2018,04/11/2018,0.0441,0.0473,0.0508,0.04
22/10/2018,28/10/2018,0.0442,0.0468,0.0505,0.04
15/10/2018,21/10/2018,0.0438,0.0469,0.0512,0.0416
08/10/2018,14/10/2018,0.0456,0.0472,0.0512,0.04
01/10/2018,07/10/2018,0.0448,0.0474,0.0507,0.04
24/09/2018,30/09/2018,0.0451,0.0473,0.0519,0.04
17/09/2018,23/09/2018,0.0451,0.0474,0.0516,0.0459
10/09/2018,16/09/2018,0.0459,0.0475,0.0528,0.04
03/09/2018,09/09/2018,0.0454,0.0477,0.0511,0.04
27/08/2018,02/09/2018,0.045,0.047,0.0514,0
20/08/2018,26/08/2018,0.0454,0.0471,0.0522,0.04
13/08/2018,19/08/2018,0.0451,0.0468,0.0524,0.04
06/08/2018,12/08/2018,0.0456,0.0471,0.0511,0.04
30/07/2018,05/08/2018,0.0458,0.0472,0.0522,0.04
23/07/2018,29/07/2018,0.0459,0.0474,0.0522,0.04
16/07/2018,22/07/2018,0.0452,0.0473,0.0525,0.042
09/07/2018,15/07/2018,0.046,0.0473,0.0515,0.0425
02/07/2018,08/07/2018,0.0466,0.0489,0.0514,0.04
25/06/2018,01/07/2018,0.0456,0.0495,0.0526,0.04
18/06/2018,24/06/2018,0.0457,0.0483,0.0518,0.0459
11/06/2018,17/06/2018,0.046,0.0482,0.0521,0.04
04/06/2018,10/06/2018,0.0468,0.0489,0.0533,0.04
28/05/2018,03/06/2018,0.0465,0.05,0.0518,0.04
21/05/2018,27/05/2018,0.047,0.0498,0.052,0.04
14/05/2018,20/05/2018,0.0469,0.0501,0.0532,0.04
07/05/2018,13/05/2018,0.0485,0.0505,0.0533,0.04
30/04/2018,06/05/2018,0.0492,0.0512,0.0536,0.04
23/04/2018,29/04/2018,0.0488,0.0518,0.053,0.04
16/04/2018,22/04/2018,0.0491,0.0517,0.055,0.0508
09/04/2018,15/04/2018,0.0494,0.0525,0.0555,0.0505
02/04/2018,08/04/2018,0.0489,0.0523,0.0553,0.04
26/03/2018,01/04/2018,0.05,0.0524,0.0563,0.04
19/03/2018,25/03/2018,0.0499,0.0523,0.0565,0.04
12/03/2018,18/03/2018,0.0499,0.0527,0.0575,0.04
05/03/2018,11/03/2018,0.051,0.0535,0.0581,0.04
26/02/2018,04/03/2018,0.051,0.0534,0.0562,0
19/02/2018,25/02/2018,0.05,0.0533,0.0571,0.04
12/02/2018,18/02/2018,0.0514,0.0532,0.058,0.0424
05/02/2018,11/02/2018,0.051,0.0533,0.0592,0.0425
29/01/2018,04/02/2018,0.0528,0.0542,0.0585,0.0425
22/01/2018,28/01/2018,0.0521,0.054,0.0579,0.0425
15/01/2018,21/01/2018,0.0517,0.0545,0.057,0.0464
08/01/2018,14/01/2018,0.0521,0.0542,0.0575,0.0546
01/01/2018,07/01/2018,0.0529,0.055,0.0583,0.0425
25/12/2017,31/12/2017,0.0521,0.0533,0.0591,0.0426
18/12/2017,24/12/2017,0.0528,0.0548,0.059,0.0425
11/12/2017,17/12/2017,0.0534,0.0548,0.0608,0.0425
04/12/2017,10/12/2017,0.0531,0.0559,0.0604,0.0425
27/11/2017,03/12/2017,0.0531,0.0574,0.0608,0
20/11/2017,26/11/2017,0.0535,0.0571,0.0609,0.0425
13/11/2017,19/11/2017,0.0532,0.0568,0.0609,0.045
06/11/2017,12/11/2017,0.0541,0.0569,0.0628,0.045
30/10/2017,05/11/2017,0.0566,0.0578,0.0624,0.0475
23/10/2017,29/10/2017,0.0546,0.0569,0.0637,0.045
16/10/2017,22/10/2017,0.0532,0.0566,0.0617,0.045
09/10/2017,15/10/2017,0.054,0.0568,0.0629,0.045
02/10/2017,08/10/2017,0.0548,0.0566,0.0631,0.045
25/09/2017,01/10/2017,0.0552,0.0575,0.0627,0.045
18/09/2017,24/09/2017,0.0552,0.0583,0.0644,0.045
11/09/2017,17/09/2017,0.0558,0.0573,0.064,0.045
04/09/2017,10/09/2017,0.0564,0.0579,0.0631,0.045
28/08/2017,03/09/2017,0.0555,0.0568,0.0627,0.061
21/08/2017,27/08/2017,0.0556,0.0583,0.0618,0.045
14/08/2017,20/08/2017,0.0553,0.0569,0.0637,0.045
07/08/2017,13/08/2017,0.0556,0.0577,0.0596,0.045
31/07/2017,06/08/2017,0.057,0.0576,0.0611,0.045
24/07/2017,30/07/2017,0.056,0.0584,0.0626,0.045
17/07/2017,23/07/2017,0.056,0.0575,0.0625,0.045
10/07/2017,16/07/2017,0.0578,0.0589,0.0642,0.0475
03/07/2017,09/07/2017,0.0588,0.0608,0.0661,0.064
26/06/2017,02/07/2017,0.0595,0.0604,0.0665,0.0629
19/06/2017,25/06/2017,0.0597,0.0618,0.0671,0.0475
12/06/2017,18/06/2017,0.0599,0.0623,0.0652,0.0475
05/06/2017,11/06/2017,0.0605,0.062,0.0667,0.0475
29/05/2017,04/06/2017,0.0611,0.0635,0.0659,0.0475
22/05/2017,28/05/2017,0.0617,0.0645,0.0653,0.055
15/05/2017,21/05/2017,0.0608,0.063,0.0667,0.055
08/05/2017,14/05/2017,0.0637,0.0665,0.0675,0.055
01/05/2017,07/05/2017,0.0665,0.0667,0.0706,0.0685
24/04/2017,30/04/2017,0.0648,0.067,0.0708,0.072
17/04/2017,23/04/2017,0.0643,0.0662,0.0706,0.0685
10/04/2017,16/04/2017,0.0649,0.0674,0.0729,0.055
03/04/2017,09/04/2017,0.0658,0.0696,0.0729,0.055
27/03/2017,02/04/2017,0.0665,0.069,0.0737,0.055
20/03/2017,26/03/2017,0.0671,0.0695,0.0727,0.055
13/03/2017,19/03/2017,0.0657,0.0684,0.0749,0.055
06/03/2017,12/03/2017,0.0683,0.0698,0.0749,0.055
27/02/2017,05/03/2017,0.0678,0.0694,0.0765,0
20/02/2017,26/02/2017,0.0672,0.0715,0.076,0.055
13/02/2017,19/02/2017,0.0681,0.0713,0.0776,0.055
06/02/2017,12/02/2017,0.0691,0.0714,0.0791,0.1001
30/01/2017,05/02/2017,0.0712,0.0707,0.076,0.055
23/01/2017,29/01/2017,0.0681,0.0715,0.0789,0.0575
16/01/2017,22/01/2017,0.0684,0.0706,0.0766,0.0575
09/01/2017,15/01/2017,0.0682,0.0684,0.0767,0.0575
02/01/2017,08/01/2017,0.0686,0.0739,0.0781,0.0575
26/12/2016,01/01/2017,0.0686,0.0751,0.0801,0.0753
19/12/2016,25/12/2016,0.0694,0.0747,0.0811,0.0575
12/12/2016,18/12/2016,0.0703,0.0738,0.0766,0.0575
05/12/2016,11/12/2016,0.0698,0.0721,0.082,0.0575
28/11/2016,04/12/2016,0.07,0.0711,0.0804,0.0575
21/11/2016,27/11/2016,0.0705,0.073,0.0819,0.0575
14/11/2016,20/11/2016,0.0706,0.0742,0.0785,0.0575
07/11/2016,13/11/2016,0.0693,0.0706,0.079,0.0575
31/10/2016,06/11/2016,0.0736,0.0728,0.08,0
24/10/2016,30/10/2016,0.0699,0.0724,0.0818,0.0575
17/10/2016,23/10/2016,0.0693,0.073,0.0795,0.0575
10/10/2016,16/10/2016,0.0707,0.075,0.082,0.06
03/10/2016,09/10/2016,0.0724,0.0728,0.0814,0.06
26/09/2016,02/10/2016,0.0713,0.0719,0.0827,0.06
19/09/2016,25/09/2016,0.0704,0.0727,0.0839,0.06
12/09/2016,18/09/2016,0.0721,0.0761,0.0855,0.06
05/09/2016,11/09/2016,0.0722,0.0739,0.0869,0.06
29/08/2016,04/09/2016,0.0724,0.0759,0.0877,0.06
22/08/2016,28/08/2016,0.0723,0.0738,0.0858,0.06
15/08/2016,21/08/2016,0.0713,0.0743,0.0871,0.0575
08/08/2016,14/08/2016,0.0722,0.0722,0.0874,0.0575
01/08/2016,07/08/2016,0.0729,0.0713,0.0881,0
25/07/2016,31/07/2016,0.0759,0.0725,0.0873,0.0835
18/07/2016,24/07/2016,0.0701,0.0721,0.0875,0.0575
11/07/2016,17/07/2016,0.0707,0.0696,0.0853,0.0575
04/07/2016,10/07/2016,0.0683,0.0717,0.0856,0.0805
27/06/2016,03/07/2016,0.0693,0.0715,0.0852,0.0809
20/06/2016,26/06/2016,0.0695,0.0731,0.0846,0.0525
13/06/2016,19/06/2016,0.0673,0.0742,0.0832,0.0525
06/06/2016,12/06/2016,0.0699,0.0721,0.086,0.05
30/05/2016,05/06/2016,0.0697,0.0742,0.0844,0.05
23/05/2016,29/05/2016,0.0701,0.0713,0.0829,0.05
16/05/2016,22/05/2016,0.0674,0.0738,0.0849,0.05
09/05/2016,15/05/2016,0.0652,0.0715,0.0845,0.05
02/05/2016,08/05/2016,0.0654,0.0703,0.0823,0
25/04/2016,01/05/2016,0.0697,0.0697,0.0821,0.0755
18/04/2016,24/04/2016,0.0649,0.0699,0.0813,0.0696
11/04/2016,17/04/2016,0.0647,0.072,0.0808,0.045
04/04/2016,10/04/2016,0.0648,0.0698,0.0805,0.0745
28/03/2016,03/04/2016,0.0637,0.0653,0.0783,0.0659
21/03/2016,27/03/2016,0.0636,0.0689,0.0785,0.045
14/03/2016,20/03/2016,0.0617,0.0679,0.0809,0.0739
07/03/2016,13/03/2016,0.0628,0.0689,0.0816,0.0439
29/02/2016,06/03/2016,0.0643,0.0701,0.0826,0.0736
22/02/2016,28/02/2016,0.0636,0.068,0.0798,0.0426
15/02/2016,21/02/2016,0.0618,0.0688,0.0766,0.0356
08/02/2016,14/02/2016,0.0592,0.0618,0.079,0.1087
01/02/2016,07/02/2016,0.0587,0.0644,0.0769,0
25/01/2016,31/01/2016,0.0608,0.0626,0.0749,0.0431
18/01/2016,24/01/2016,0.0532,0.0642,0.0765,0.0431
11/01/2016,17/01/2016,0.0535,0.0571,0.0789,0.0431
04/01/2016,10/01/2016,0.0521,0.0558,0.0629,0.0431
28/12/2015,03/01/2016,0.0522,0.0605,0.0624,0.0431
21/12/2015,27/12/2015,0.0537,0.0617,0.0742,0.0431
14/12/2015,20/12/2015,0.0516,0.0589,0.0631,0.0431
07/12/2015,13/12/2015,0.0511,0.0592,0.0686,0.0405
30/11/2015,06/12/2015,0.0501,0.0581,0.0654,0.0405
23/11/2015,29/11/2015,0.0491,0.0558,0.0602,0.0405
16/11/2015,22/11/2015,0.0498,0.0603,0.0649,0.0354
09/11/2015,15/11/2015,0.0461,0.0554,0.0598,0.0354
02/11/2015,08/11/2015,0.0475,0.0559,0.0658,0.0354
26/10/2015,01/11/2015,0.0508,0.0528,0.0648,0.0354
19/10/2015,25/10/2015,0.0446,0.0555,0.0676,0.0354
12/10/2015,18/10/2015,0.0445,0.0508,0.0581,0.0333
05/10/2015,11/10/2015,0.0427,0.0492,0.0588,0.0329
28/09/2015,04/10/2015,0.0439,0.048,0.0591,0.0515
21/09/2015,27/09/2015,0.0446,0.0487,0.0577,0.0329
14/09/2015,20/09/2015,0.0445,0.0495,0.0511,0.0513
07/09/2015,13/09/2015,0.0436,0.0477,0.0539,0.0329
31/08/2015,06/09/2015,0.0455,0.0464,0.053,0.0503
24/08/2015,30/08/2015,0.044,0.047,0.0537,0.0506
17/08/2015,23/08/2015,0.0454,0.0468,0.0529,0.0329
10/08/2015,16/08/2015,0.0433,0.0476,0.0503,0.0507
03/08/2015,09/08/2015,0.045,0.0473,0.05,0.0501
27/07/2015,02/08/2015,0.0458,0.0486,0.0505,0.0329
20/07/2015,26/07/2015,0.0454,0.047,0.0507,0.0329
13/07/2015,19/07/2015,0.0454,0.0458,0.051,0.0489
06/07/2015,12/07/2015,0.0436,0.0454,0.0512,0.0329
29/06/2015,05/07/2015,0.0428,0.0469,0.0506,0.0329
22/06/2015,28/06/2015,0.0448,0.0477,0.0505,0.0329
15/06/2015,21/06/2015,0.0439,0.0479,0.0514,0.0329
08/06/2015,14/06/2015,0.0442,0.0466,0.0511,0.0329
01/06/2015,07/06/2015,0.0448,0.0478,0.0512,0.0329
25/05/2015,31/05/2015,0.044,0.0475,0.0487,0.0329
18/05/2015,24/05/2015,0.0447,0.0467,0.051,0.0329
11/05/2015,17/05/2015,0.0434,0.0474,0.0514,0.0496
04/05/2015,10/05/2015,0.045,0.0475,0.0515,0.0329
27/04/2015,03/05/2015,0.046,0.0475,0.0501,0.0329
20/04/2015,26/04/2015,0.0448,0.0466,0.0504,0.0463
13/04/2015,19/04/2015,0.0446,0.0474,0.0503,0.049
06/04/2015,12/04/2015,0.0439,0.0462,0.0499,0
30/03/2015,05/04/2015,0.0436,0.0463,0.0476,0.0329
23/03/2015,29/03/2015,0.0446,0.0459,0.05,0.0329
16/03/2015,22/03/2015,0.0442,0.0466,0.0487,0.0329
09/03/2015,15/03/2015,0.0442,0.0474,0.051,0.0329
02/03/2015,08/03/2015,0.045,0.0471,0.051,0.0329
23/02/2015,01/03/2015,0.0441,0.0472,0.0503,0.0329
16/02/2015,22/02/2015,0.0448,0.0476,0.0495,0.0329
09/02/2015,15/02/2015,0.044,0.0455,0.0502,0.0329
02/02/2015,08/02/2015,0.0442,0.0455,0.0507,0.0329
26/01/2015,01/02/2015,0.0453,0.0456,0.0504,0.0329
19/01/2015,25/01/2015,0.045,0.0467,0.0508,0.0329
12/01/2015,18/01/2015,0.0442,0.0453,0.0476,0.0329
05/01/2015,11/01/2015,0.0432,0.0436,0.0506,0
29/12/2014,04/01/2015,0.0434,0.0452,0.0472,0.0329
22/12/2014,28/12/2014,0.044,0.0454,0.0513,0.0329
15/12/2014,21/12/2014,0.043,0.0457,0.0489,0.0329
08/12/2014,14/12/2014,0.0432,0.0461,0.0488,0.0329
01/12/2014,07/12/2014,0.0442,0.0459,0.0496,0.0329
24/11/2014,30/11/2014,0.0437,0.0449,0.0501,0.0329
17/11/2014,23/11/2014,0.0441,0.0454,0.0493,0.0329
10/11/2014,16/11/2014,0.0419,0.0456,0.0482,0.0329
03/11/2014,09/11/2014,0.0432,0.0456,0.0508,0.0329
27/10/2014,02/11/2014,0.0441,0.046,0.0488,0.0329
20/10/2014,26/10/2014,0.0423,0.0459,0.0482,0.0329
13/10/2014,19/10/2014,0.0425,0.0453,0.0486,0.0329
06/10/2014,12/10/2014,0.044,0.0451,0.0492,0.0329
29/09/2014,05/10/2014,0.0435,0.0446,0.0499,0.0329
22/09/2014,28/09/2014,0.0424,0.0459,0.0503,0.0329
15/09/2014,21/09/2014,0.0419,0.0446,0.0481,0.0329
08/09/2014,14/09/2014,0.0405,0.0447,0.0481,0.0304
01/09/2014,07/09/2014,0.0407,0.0438,0.0495,0.0304
25/08/2014,31/08/2014,0.0409,0.0437,0.0479,0.0434
18/08/2014,24/08/2014,0.0403,0.0447,0.0491,0.0446
11/08/2014,17/08/2014,0.0392,0.0444,0.0466,0.0451
04/08/2014,10/08/2014,0.0406,0.0445,0.0486,0.0304
28/07/2014,03/08/2014,0.0406,0.044,0.0491,0.0304
21/07/2014,27/07/2014,0.0404,0.0434,0.0497,0.0304
14/07/2014,20/07/2014,0.041,0.0432,0.0476,0.0455
07/07/2014,13/07/2014,0.0407,0.0425,0.0477,0.0304
30/06/2014,06/07/2014,0.0401,0.0415,0.0464,0.0439
23/06/2014,29/06/2014,0.0395,0.0422,0.0461,0.0304
16/06/2014,22/06/2014,0.0385,0.0422,0.0452,0.0414
09/06/2014,15/06/2014,0.0381,0.0419,0.0456,0.0304
02/06/2014,08/06/2014,0.0387,0.0417,0.0457,0.0415
26/05/2014,01/06/2014,0.0381,0.0411,0.0446,0.0422
19/05/2014,25/05/2014,0.0381,0.0418,0.0448,0.0422
12/05/2014,18/05/2014,0.0369,0.0413,0.0469,0.0304
05/05/2014,11/05/2014,0.0382,0.0419,0.0452,0.0304
28/04/2014,04/05/2014,0.0378,0.0419,0.0441,0.0304
21/04/2014,27/04/2014,0.0378,0.0411,0.0439,0.0304
14/04/2014,20/04/2014,0.0381,0.0416,0.0463,0.0304
07/04/2014,13/04/2014,0.0386,0.0421,0.0437,0.0304
31/03/2014,06/04/2014,0.0388,0.0418,0.0462,0.0401
24/03/2014,30/03/2014,0.0385,0.0421,0.0467,0.0401
17/03/2014,23/03/2014,0.0391,0.0425,0.0452,0.041
10/03/2014,16/03/2014,0.0397,0.0432,0.046,0.0408
03/03/2014,09/03/2014,0.0395,0.043,0.0456,0.0414
24/02/2014,02/03/2014,0.0397,0.0426,0.046,0.0304
17/02/2014,23/02/2014,0.0396,0.0435,0.0465,0.0415
10/02/2014,16/02/2014,0.0394,0.0429,0.0471,0.0415
03/02/2014,09/02/2014,0.0404,0.0434,0.0467,0.0415
27/01/2014,02/02/2014,0.0403,0.0432,0.0469,0.0304
20/01/2014,26/01/2014,0.04,0.0438,0.0474,0.0409
13/01/2014,19/01/2014,0.0406,0.0432,0.0477,0.0411
06/01/2014,12/01/2014,0.0407,0.0436,0.0473,0.0304
30/12/2013,05/01/2014,0.0407,0.0437,0.0468,0.0304
23/12/2013,29/12/2013,0.0404,0.0445,0.049,0.0304
16/12/2013,22/12/2013,0.0406,0.0444,0.0469,0.0434
09/12/2013,15/12/2013,0.0404,0.0441,0.0484,0.0439
02/12/2013,08/12/2013,0.0401,0.0447,0.0511,0.0436
25/11/2013,01/12/2013,0.0405,0.0438,0.0478,0.0431
18/11/2013,24/11/2013,0.0406,0.0444,0.0518,0.0434
11/11/2013,17/11/2013,0.0399,0.0446,0.0478,0.0415
04/11/2013,10/11/2013,0.0406,0.0451,0.0484,0.0436
28/10/2013,03/11/2013,0.0406,0.0447,0.0489,0.0304
21/10/2013,27/10/2013,0.0399,0.0435,0.0479,0.0426
14/10/2013,20/10/2013,0.0396,0.0439,0.0478,0.0304
07/10/2013,13/10/2013,0.0407,0.0441,0.0479,0.0304
30/09/2013,06/10/2013,0.0406,0.0435,0.0484,0.0304
23/09/2013,29/09/2013,0.0402,0.0441,0.0467,0.0419
16/09/2013,22/09/2013,0.0409,0.0442,0.0485,0.0441
09/09/2013,15/09/2013,0.0409,0.0435,0.0524,0.0434
02/09/2013,08/09/2013,0.0409,0.0435,0.0464,0.0446
26/08/2013,01/09/2013,0.0404,0.0439,0.0438,0.043
19/08/2013,25/08/2013,0.0411,0.0421,0.0452,0.0436
12/08/2013,18/08/2013,0.0402,0.042,0.0447,0.0304
05/08/2013,11/08/2013,0.04,0.0443,0.0447,0.0304
29/07/2013,04/08/2013,0.0406,0.0426,0.0458,0.0425
22/07/2013,28/07/2013,0.0395,0.0433,0.0432,0.0304
15/07/2013,21/07/2013,0.0392,0.0407,0.0468,0.0352
08/07/2013,14/07/2013,0.0398,0.0414,0.043,0.0354
01/07/2013,07/07/2013,0.0391,0.0417,0.0444,0.0405
24/06/2013,30/06/2013,0.0399,0.043,0.0443,0.0354
17/06/2013,23/06/2013,0.0391,0.0437,0.0451,0.0354
10/06/2013,16/06/2013,0.0394,0.0425,0.0443,0.0354
03/06/2013,09/06/2013,0.0401,0.0429,0.0464,0.0354
27/05/2013,02/06/2013,0.0396,0.0424,0.0446,0
20/05/2013,26/05/2013,0.0398,0.0423,0.0438,0.0354
13/05/2013,19/05/2013,0.0398,0.0433,0.0446,0.0354
06/05/2013,12/05/2013,0.0407,0.0439,0.044,0.0354
29/04/2013,05/05/2013,0.0411,0.0431,0.0447,0.0424
22/04/2013,28/04/2013,0.0417,0.0454,0.0478,0.0354
15/04/2013,21/04/2013,0.0425,0.0445,0.0448,0.0354
08/04/2013,14/04/2013,0.0439,0.0465,0.0469,0.0354
01/04/2013,07/04/2013,0.045,0.0456,0.0475,0.0354
25/03/2013,31/03/2013,0.0455,0.0474,0.0491,0.0354
18/03/2013,24/03/2013,0.0455,0.0482,0.0503,0.0354
11/03/2013,17/03/2013,0.0465,0.0486,0.051,0.0354
04/03/2013,10/03/2013,0.0478,0.0512,0.0515,0.0354
25/02/2013,03/03/2013,0.0483,0.0504,0.0512,0.0354
18/02/2013,24/02/2013,0.0482,0.0508,0.0526,0.0354
11/02/2013,17/02/2013,0.0485,0.0517,0.0532,0.0354
04/02/2013,10/02/2013,0.0494,0.0521,0.0546,0.0354
28/01/2013,03/02/2013,0.0511,0.0532,0.0556,0.0543
21/01/2013,27/01/2013,0.0507,0.0538,0.0559,0.0354
14/01/2013,20/01/2013,0.0522,0.0547,0.0561,0.0354
07/01/2013,13/01/2013,0.0521,0.0564,0.0577,0.0354
31/12/2012,06/01/2013,0.0527,0.0567,0.0594,0.0354
24/12/2012,30/12/2012,0.0522,0.057,0.0599,0.0533
17/12/2012,23/12/2012,0.0526,0.0569,0.0598,0.0354
10/12/2012,16/12/2012,0.0515,0.0575,0.0617,0.0354
03/12/2012,09/12/2012,0.0534,0.057,0.0592,0.0354
26/11/2012,02/12/2012,0.0542,0.0565,0.0587,0
19/11/2012,25/11/2012,0.0526,0.0577,0.0602,0.0354
12/11/2012,18/11/2012,0.0523,0.0575,0.0601,0.0354
05/11/2012,11/11/2012,0.0579,0.0574,0.0609,0.0354
29/10/2012,04/11/2012,0.0529,0.0591,0.0613,0.0578
22/10/2012,28/10/2012,0.0519,0.0584,0.0615,0.0354
15/10/2012,21/10/2012,0.0523,0.0582,0.0613,0.0354
08/10/2012,14/10/2012,0.0531,0.0581,0.0611,0.0354
01/10/2012,07/10/2012,0.0527,0.0573,0.0612,0.0354
24/09/2012,30/09/2012,0.052,0.0578,0.0613,0.0354
17/09/2012,23/09/2012,0.0537,0.0587,0.0625,0.0594
10/09/2012,16/09/2012,0.0537,0.0586,0.0631,0.0354
03/09/2012,09/09/2012,0.054,0.0578,0.0628,0.0354
27/08/2012,02/09/2012,0.0542,0.0595,0.0631,0
20/08/2012,26/08/2012,0.054,0.0589,0.0637,0.0354
13/08/2012,19/08/2012,0.0546,0.0579,0.0638,0.0608
06/08/2012,12/08/2012,0.0539,0.058,0.0636,0.0354
30/07/2012,05/08/2012,0.055,0.0594,0.0644,0.0354
23/07/2012,29/07/2012,0.0529,0.0597,0.0645,0.0354
16/07/2012,22/07/2012,0.0554,0.0583,0.0645,0.0354
09/07/2012,15/07/2012,0.0538,0.0568,0.0614,0.0354
02/07/2012,08/07/2012,0.0548,0.0577,0.0636,0.0354
25/06/2012,01/07/2012,0.0543,0.0586,0.0651,0.0354
18/06/2012,24/06/2012,0.0546,0.0588,0.0645,0.0608
11/06/2012,17/06/2012,0.0542,0.0591,0.0649,0.0354
04/06/2012,10/06/2012,0.0541,0.0588,0.064,0.0609
28/05/2012,03/06/2012,0.0548,0.0589,0.0619,0.0354
21/05/2012,27/05/2012,0.0551,0.0597,0.0635,0.0354
14/05/2012,20/05/2012,0.0543,0.058,0.0639,0.0608
07/05/2012,13/05/2012,0.0544,0.0582,0.0628,0.0354
30/04/2012,06/05/2012,0.0535,0.059,0.0649,0.0354
23/04/2012,29/04/2012,0.0545,0.0577,0.0642,0.0476
16/04/2012,22/04/2012,0.0556,0.0589,0.0624,0.0354
09/04/2012,15/04/2012,0.0543,0.0599,0.0615,0.0354
02/04/2012,08/04/2012,0.055,0.0587,0.0641,0.0354
26/03/2012,01/04/2012,0.0533,0.0585,0.0633,0.0354
19/03/2012,25/03/2012,0.0523,0.0593,0.0627,0.0354
12/03/2012,18/03/2012,0.0531,0.0574,0.062,0.0354
05/03/2012,11/03/2012,0.0535,0.058,0.0609,0.0354
27/02/2012,04/03/2012,0.0526,0.0565,0.061,0
20/02/2012,26/02/2012,0.0533,0.0579,0.0625,0.0354
13/02/2012,19/02/2012,0.0521,0.0571,0.0604,0.0354
06/02/2012,12/02/2012,0.0495,0.0574,0.0583,0.0329
30/01/2012,05/02/2012,0.0513,0.0571,0.0593,0.0329
23/01/2012,29/01/2012,0.0521,0.0568,0.0597,0.0541
16/01/2012,22/01/2012,0.0519,0.0545,0.0572,0.0329
09/01/2012,15/01/2012,0.0512,0.0552,0.06,0.0329
02/01/2012,08/01/2012,0.0522,0.0559,0.0611,0.0466
26/12/2011,01/01/2012,0.0498,0.0537,0.0613,0.0329
19/12/2011,25/12/2011,0.0524,0.0554,0.0566,0.0594
12/12/2011,18/12/2011,0.049,0.0533,0.0632,0.0329
05/12/2011,11/12/2011,0.0476,0.055,0.0617,0.0329
28/11/2011,04/12/2011,0.0498,0.054,0.0605,0.0329
21/11/2011,27/11/2011,0.0485,0.0559,0.0597,0.0329
14/11/2011,20/11/2011,0.0544,0.054,0.0588,0.0329
07/11/2011,13/11/2011,0.0485,0.0536,0.0575,0.0329
31/10/2011,06/11/2011,0.0477,0.053,0.06,0.0329
24/10/2011,30/10/2011,0.049,0.054,0.0585,0.0329
17/10/2011,23/10/2011,0.0472,0.0526,0.0591,0.0329
10/10/2011,16/10/2011,0.0453,0.0514,0.0563,0.0329
03/10/2011,09/10/2011,0.0475,0.0525,0.0558,0.0405
26/09/2011,02/10/2011,0.0455,0.0503,0.057,0.0329
19/09/2011,25/09/2011,0.0455,0.0529,0.0574,0.0329
12/09/2011,18/09/2011,0.0453,0.0526,0.0581,0.0329
05/09/2011,11/09/2011,0.045,0.0486,0.0573,0.0329
29/08/2011,04/09/2011,0.0451,0.0482,0.0579,0.0329
22/08/2011,28/08/2011,0.0451,0.0495,0.0587,0.0329
15/08/2011,21/08/2011,0.0452,0.0497,0.0566,0.0527
08/08/2011,14/08/2011,0.0444,0.0462,0.0573,0.0329
01/08/2011,07/08/2011,0.0429,0.0486,0.0536,0.0329
25/07/2011,31/07/2011,0.0428,0.0475,0.0546,0.0424
18/07/2011,24/07/2011,0.0422,0.0445,0.0539,0.0304
11/07/2011,17/07/2011,0.0403,0.0466,0.0528,0.0304
04/07/2011,10/07/2011,0.0421,0.0455,0.0541,0.0304
27/06/2011,03/07/2011,0.0419,0.045,0.0536,0.0304
20/06/2011,26/06/2011,0.0401,0.0442,0.0512,0.0304
13/06/2011,19/06/2011,0.04,0.0444,0.0415,0.0304
06/06/2011,12/06/2011,0.0396,0.0444,0.0492,0.0425
30/05/2011,05/06/2011,0.0387,0.0437,0.0486,0.042
23/05/2011,29/05/2011,0.0393,0.0435,0.0488,0.042
16/05/2011,22/05/2011,0.039,0.0426,0.049,0.0304
09/05/2011,15/05/2011,0.0377,0.0424,0.0489,0.0278
02/05/2011,08/05/2011,0.0374,0.0421,0.0458,0.0389
25/04/2011,01/05/2011,0.0379,0.0407,0.0454,0.041
18/04/2011,24/04/2011,0.0369,0.0404,0.0466,0.0278
11/04/2011,17/04/2011,0.0371,0.041,0.045,0.0278
04/04/2011,10/04/2011,0.0368,0.0402,0.0441,0.0278
28/03/2011,03/04/2011,0.0365,0.0397,0.0449,0.0278
21/03/2011,27/03/2011,0.0359,0.0398,0.047,0.0294
14/03/2011,20/03/2011,0.0347,0.0391,0.0462,0.0372
07/03/2011,13/03/2011,0.0351,0.0399,0.0423,0.0374
28/02/2011,06/03/2011,0.0342,0.0391,0.042,0.0278
21/02/2011,27/02/2011,0.035,0.0392,0.0416,0.0278
14/02/2011,20/02/2011,0.0344,0.0388,0.0434,0.0278
07/02/2011,13/02/2011,0.0347,0.0386,0.0438,0.0278
31/01/2011,06/02/2011,0.0345,0.039,0.0428,0.0377
24/01/2011,30/01/2011,0.0342,0.0393,0.0417,0.0278
17/01/2011,23/01/2011,0.0353,0.0393,0.0417,0.0278
10/01/2011,16/01/2011,0.035,0.0382,0.042,0.0348
03/01/2011,09/01/2011,0.035,0.0389,0.0421,0.0278
27/12/2010,02/01/2011,0.0347,0.0389,0.0422,0.0296
20/12/2010,26/12/2010,0.0346,0.0387,0.0421,0.0278
13/12/2010,19/12/2010,0.0356,0.039,0.0416,0.0363
06/12/2010,12/12/2010,0.0346,0.0389,0.0414,0.0361
29/11/2010,05/12/2010,0.034,0.0385,0.0412,0.0278
22/11/2010,28/11/2010,0.0343,0.0387,0.0418,0.0278
15/11/2010,21/11/2010,0.0349,0.0387,0.0427,0.0278
08/11/2010,14/11/2010,0.0351,0.0387,0.0425,0.0278
01/11/2010,07/11/2010,0.0346,0.0385,0.0428,0.0345
25/10/2010,31/10/2010,0.0343,0.0391,0.0426,0.037
18/10/2010,24/10/2010,0.0344,0.0387,0.0422,0.0291
11/10/2010,17/10/2010,0.0341,0.0388,0.0429,0.0282
04/10/2010,10/10/2010,0.0339,0.0387,0.043,0.0359
27/09/2010,03/10/2010,0.035,0.0386,0.0425,0.0364
20/09/2010,26/09/2010,0.0346,0.0391,0.0414,0.0363
13/09/2010,19/09/2010,0.0352,0.0388,0.0424,0.0316
06/09/2010,12/09/2010,0.0346,0.0396,0.0417,0.0278
30/08/2010,05/09/2010,0.0348,0.0389,0.0439,0.0338
23/08/2010,29/08/2010,0.0345,0.0393,0.0423,0.0327
16/08/2010,22/08/2010,0.0358,0.0405,0.0426,0.037
09/08/2010,15/08/2010,0.0348,0.0389,0.0425,0.0369
02/08/2010,08/08/2010,0.0355,0.0398,0.0428,0.0278
26/07/2010,01/08/2010,0.0348,0.0393,0.0422,0.0369
19/07/2010,25/07/2010,0.0354,0.0388,0.0428,0.0328
12/07/2010,18/07/2010,0.0352,0.0392,0.0429,0.0279
05/07/2010,11/07/2010,0.0342,0.0389,0.0417,0.0327
28/06/2010,04/07/2010,0.035,0.039,0.044,0.0306
21/06/2010,27/06/2010,0.0358,0.0391,0.0433,0.0278
14/06/2010,20/06/2010,0.0355,0.0393,0.0439,0.0366
07/06/2010,13/06/2010,0.0356,0.0398,0.0418,0.0367
31/05/2010,06/06/2010,0.0355,0.0396,0.0434,0.0349
24/05/2010,30/05/2010,0.0362,0.04,0.0462,0.037
17/05/2010,23/05/2010,0.0371,0.0404,0.0455,0.0371
10/05/2010,16/05/2010,0.0377,0.0408,0.045,0.0371
03/05/2010,09/05/2010,0.04,0.0425,0.0448,0.0369
26/04/2010,02/05/2010,0.0389,0.0426,0.0458,0.0396
19/04/2010,25/04/2010,0.0391,0.043,0.0459,0.0386
12/04/2010,18/04/2010,0.0386,0.0422,0.0467,0.033
05/04/2010,11/04/2010,0.039,0.0424,0.0475,0.0349
29/03/2010,04/04/2010,0.0404,0.042,0.0461,0.039
22/03/2010,28/03/2010,0.0384,0.0425,0.0473,0.0386
15/03/2010,21/03/2010,0.0389,0.0438,0.0465,0.04
08/03/2010,14/03/2010,0.0398,0.0437,0.0475,0.0436
01/03/2010,07/03/2010,0.0402,0.0429,0.0481,0.0329
22/02/2010,28/02/2010,0.0396,0.0431,0.0466,0.0404
15/02/2010,21/02/2010,0.0403,0.0443,0.0484,0.0329
08/02/2010,14/02/2010,0.0402,0.0438,0.0484,0.0329
01/02/2010,07/02/2010,0.041,0.0444,0.0484,0.0329
25/01/2010,31/01/2010,0.041,0.0438,0.0477,0.0408
18/01/2010,24/01/2010,0.0398,0.0446,0.0472,0.0386
11/01/2010,17/01/2010,0.04,0.0437,0.046,0.0377
04/01/2010,10/01/2010,0.0392,0.0442,0.0494,0.0431
28/12/2009,03/01/2010,0.0411,0.0438,0.049,0.04
21/12/2009,27/12/2009,0.0414,0.0437,0.046,0.0377
14/12/2009,20/12/2009,0.0425,0.0449,0.0459,0.0366
07/12/2009,13/12/2009,0.0421,0.0464,0.0482,0.0375
30/11/2009,06/12/2009,0.0435,0.0465,0.0484,0.0344
23/11/2009,29/11/2009,0.0447,0.048,0.0517,0.0354
16/11/2009,22/11/2009,0.0447,0.0487,0.0491,0.0466
09/11/2009,15/11/2009,0.0433,0.0495,0.0498,0.0405
02/11/2009,08/11/2009,0.0435,0.0488,0.05,0.0471
26/10/2009,01/11/2009,0.0445,0.0495,0.051,0.0455
19/10/2009,25/10/2009,0.044,0.0506,0.0535,0.0482
12/10/2009,18/10/2009,0.0447,0.0502,0.051,0.0431
05/10/2009,11/10/2009,0.0475,0.0512,0.054,0.0431
28/09/2009,04/10/2009,0.0477,0.0534,0.0564,0.0483
21/09/2009,27/09/2009,0.0494,0.0525,0.0567,0.0522
14/09/2009,20/09/2009,0.0499,0.054,0.0571,0.0502
07/09/2009,13/09/2009,0.0494,0.0537,0.0531,0.0456
31/08/2009,06/09/2009,0.0502,0.0545,0.059,0.0456
24/08/2009,30/08/2009,0.051,0.0546,0.0553,0.0456
17/08/2009,23/08/2009,0.0513,0.0543,0.0537,0.0456
10/08/2009,16/08/2009,0.0504,0.0554,0.0552,0.0462
03/08/2009,09/08/2009,0.0506,0.0566,0.0565,0.0566
27/07/2009,02/08/2009,0.0524,0.0551,0.0578,0.0456
20/07/2009,26/07/2009,0.0511,0.056,0.0585,0.0549
13/07/2009,19/07/2009,0.0519,0.0577,0.0588,0.0504
06/07/2009,12/07/2009,0.0532,0.0579,0.0574,0.0456
29/06/2009,05/07/2009,0.054,0.0607,0.0567,0.058
22/06/2009,28/06/2009,0.0554,0.0604,0.0614,0.0575
15/06/2009,21/06/2009,0.0546,0.0623,0.0621,0.0604
08/06/2009,14/06/2009,0.057,0.0646,0.0631,0.0564
01/06/2009,07/06/2009,0.061,0.0681,0.0677,0.0557
25/05/2009,31/05/2009,0.0611,0.0675,0.0721,0.0661
18/05/2009,24/05/2009,0.0629,0.0691,0.0725,0.0659
11/05/2009,17/05/2009,0.0658,0.0744,0.0843,0.0599
04/05/2009,10/05/2009,0.0709,0.0741,0.0771,0.0725
27/04/2009,03/05/2009,0.0687,0.0746,0.0771,0.0751
20/04/2009,26/04/2009,0.0715,0.0759,0.0792,0.0744
13/04/2009,19/04/2009,0.0733,0.076,0.0751,0.0745
06/04/2009,12/04/2009,0.0791,0.0778,0.0841,0.0659
30/03/2009,05/04/2009,0.0768,0.0806,0.0846,0.0791
23/03/2009,29/03/2009,0.0813,0.089,0.0894,0.0659
16/03/2009,22/03/2009,0.0834,0.0887,0.0869,0.0659
09/03/2009,15/03/2009,0.0859,0.0914,0.0911,0.0908
02/03/2009,08/03/2009,0.0886,0.0934,0.0965,0.0866
23/02/2009,01/03/2009,0.0902,0.095,0.0958,0.0659
16/02/2009,22/02/2009,0.0894,0.096,0.0981,0.0659
09/02/2009,15/02/2009,0.0943,0.0971,0.1005,0.0659
02/02/2009,08/02/2009,0.0956,0.1006,0.1028,0.0963
26/01/2009,01/02/2009,0.0979,0.0998,0.1053,0.1022
19/01/2009,25/01/2009,0.0962,0.1011,0.1043,0.0659
12/01/2009,18/01/2009,0.0973,0.1002,0.1033,0.0659
05/01/2009,11/01/2009,0.0973,0.1016,0.1065,0
29/12/2008,04/01/2009,0.0982,0.1009,0.1092,0.0659
22/12/2008,28/12/2008,0.1033,0.1058,0.1092,0.0659
15/12/2008,21/12/2008,0.1019,0.1054,0.1126,0
08/12/2008,14/12/2008,0.102,0.1035,0.1111,0
01/12/2008,07/12/2008,0.1027,0.0996,0.1064,0.0925
24/11/2008,30/11/2008,0.0996,0.1039,0.1034,0
17/11/2008,23/11/2008,0.1002,0.1013,0.1025,0.093
10/11/2008,16/11/2008,0.1016,0.103,0.099,0
03/11/2008,09/11/2008,0.1007,0.101,0.1035,0.067
27/10/2008,02/11/2008,0.102,0.1054,0.0993,0.085
20/10/2008,26/10/2008,0.1003,0.0988,0.0911,0
13/10/2008,19/10/2008,0.0985,0.1002,0.0938,0
06/10/2008,12/10/2008,0.0932,0.103,0.1,0.1
29/09/2008,05/10/2008,0.0961,0.1013,0.1082,0
22/09/2008,28/09/2008,0.1005,0.1008,0.1078,0.088
15/09/2008,21/09/2008,0.101,0.1028,0.1024,0.035
08/09/2008,14/09/2008,0.0987,0.0996,0.1048,0.0302
01/09/2008,07/09/2008,0.1021,0.0977,0.1076,0.0567
25/08/2008,31/08/2008,0.0989,0.0969,0.1056,0
18/08/2008,24/08/2008,0.0981,0.0982,0.1022,0.0824
11/08/2008,17/08/2008,0.0989,0.0987,0.0994,0.065
04/08/2008,10/08/2008,0.0973,0.1004,0.0914,0.065
28/07/2008,03/08/2008,0.0961,0.0967,0.0941,0.065
21/07/2008,27/07/2008,0.0963,0.0938,0.0984,0.065
14/07/2008,20/07/2008,0.0965,0.0939,0.0922,0.0732
07/07/2008,13/07/2008,0.0925,0.0907,0.0836,0.065
30/06/2008,06/07/2008,0.098,0.0942,0.0924,0.065
23/06/2008,29/06/2008,0.0992,0.0987,0.0851,0.0851
16/06/2008,22/06/2008,0.098,0.101,0.0968,0.03
09/06/2008,15/06/2008,0.0921,0.0982,0.0864,0
02/06/2008,08/06/2008,0.0981,0.0945,0.0868,0.065
26/05/2008,01/06/2008,0.0949,0.096,0.0914,0
19/05/2008,25/05/2008,0.0973,0.096,0.0982,0
12/05/2008,18/05/2008,0.0925,0.0969,0.0963,0.0891
05/05/2008,11/05/2008,0.0983,0.098,0.1032,0.0339
28/04/2008,04/05/2008,0.0975,0.0998,0.0934,0.0808
21/04/2008,27/04/2008,0.0961,0.0974,0.1077,0.0635
14/04/2008,20/04/2008,0.098,0.098,0.1033,0.0676
07/04/2008,13/04/2008,0.0974,0.0948,0.1049,0.1074
31/03/2008,06/04/2008,0.0982,0.0956,0.0944,0.0783
24/03/2008,30/03/2008,0.0953,0.0903,0.0963,0
17/03/2008,23/03/2008,0.0974,0.0935,0.0952,0
10/03/2008,16/03/2008,0.0921,0.0922,0.0945,0.065
03/03/2008,09/03/2008,0.0963,0.0937,0.0899,0.035
25/02/2008,02/03/2008,0.0932,0.0893,0.0892,0
18/02/2008,24/02/2008,0.0928,0.0906,0.0972,0.085
11/02/2008,17/02/2008,0.0854,0.0909,0.0904,0
04/02/2008,10/02/2008,0.0921,0.0914,0.099,0.0652
28/01/2008,03/02/2008,0.0926,0.0887,0.0896,0.0808
21/01/2008,27/01/2008,0.0897,0.0883,0.0887,0
14/01/2008,20/01/2008,0.0905,0.086,0.0896,0.035
07/01/2008,13/01/2008,0.0895,0.0903,0.0888,0
31/12/2007,06/01/2008,0.0915,0.0885,0.0902,0.0687
24/12/2007,30/12/2007,0.0901,0.0884,0.0846,0.035
17/12/2007,23/12/2007,0.089,0.0885,0.0966,0
10/12/2007,16/12/2007,0.0869,0.0889,0.0874,0.085
03/12/2007,09/12/2007,0.0865,0.0897,0.0916,0.035
26/11/2007,02/12/2007,0.0856,0.0898,0.0889,0
19/11/2007,25/11/2007,0.0883,0.0927,0.0918,0.0534
12/11/2007,18/11/2007,0.0865,0.0908,0.0872,0
05/11/2007,11/11/2007,0.0869,0.0874,0.077,0.065
29/10/2007,04/11/2007,0.0884,0.0886,0.079,0.0808
22/10/2007,28/10/2007,0.0869,0.0894,0.0887,0.0469
15/10/2007,21/10/2007,0.0831,0.0871,0.0872,0
08/10/2007,14/10/2007,0.0842,0.0864,0.0939,0
01/10/2007,07/10/2007,0.0877,0.0859,0.0881,0.0688
24/09/2007,30/09/2007,0.0888,0.0905,0.0855,0.035
17/09/2007,23/09/2007,0.089,0.0889,0.0888,0
10/09/2007,16/09/2007,0.0896,0.0851,0.0834,0.0835
03/09/2007,09/09/2007,0.0853,0.0839,0.0886,0.035
27/08/2007,02/09/2007,0.0843,0.0826,0.0862,0
20/08/2007,26/08/2007,0.0844,0.0848,0.0863,0
13/08/2007,19/08/2007,0.0878,0.0823,0.0865,0
06/08/2007,12/08/2007,0.0823,0.0828,0.0902,0.0606
30/07/2007,05/08/2007,0.0838,0.0786,0.0817,0.078
23/07/2007,29/07/2007,0.0819,0.0775,0.0844,0
16/07/2007,22/07/2007,0.0835,0.0765,0.0801,0
09/07/2007,15/07/2007,0.0816,0.0744,0.0718,0
02/07/2007,08/07/2007,0.0838,0.0763,0.0703,0.062
25/06/2007,01/07/2007,0.0793,0.0775,0.0719,0
18/06/2007,24/06/2007,0.0798,0.0787,0.0884,0.053
11/06/2007,17/06/2007,0.076,0.0763,0.0827,0
04/06/2007,10/06/2007,0.0778,0.078,0.0839,0.0364
28/05/2007,03/06/2007,0.0773,0.0768,0.0706,0.056
21/05/2007,27/05/2007,0.0761,0.077,0.0655,0.0867
14/05/2007,20/05/2007,0.0736,0.0751,0.0661,0.056
07/05/2007,13/05/2007,0.0762,0.0747,0.0749,0.0608
30/04/2007,06/05/2007,0.0743,0.0752,0.0764,0.067
23/04/2007,29/04/2007,0.075,0.0768,0.0783,0.067
16/04/2007,22/04/2007,0.0739,0.0751,0.0766,0
09/04/2007,15/04/2007,0.0737,0.0741,0.0803,0
02/04/2007,08/04/2007,0.0744,0.0745,0.0822,0.0589
26/03/2007,01/04/2007,0.076,0.0762,0.0768,0.065
19/03/2007,25/03/2007,0.0766,0.075,0.0854,0
12/03/2007,18/03/2007,0.0728,0.0728,0.0783,0.0711
05/03/2007,11/03/2007,0.071,0.0719,0.0774,0.0695
26/02/2007,04/03/2007,0.0666,0.0698,0.0813,0.065
19/02/2007,25/02/2007,0.0694,0.0712,0.0774,0.065
12/02/2007,18/02/2007,0.066,0.0703,0.0754,0.0685
05/02/2007,11/02/2007,0.069,0.0729,0.0767,0
29/01/2007,04/02/2007,0.0682,0.0719,0.0743,0.0665
22/01/2007,28/01/2007,0.0681,0.0706,0.0749,0
15/01/2007,21/01/2007,0.0671,0.0705,0.0715,0.068
08/01/2007,14/01/2007,0.0669,0.0687,0.0785,0
01/01/2007,07/01/2007,0.0676,0.0727,0.0753,0.066
25/12/2006,31/12/2006,0.0682,0.071,0.0783,0.0667
18/12/2006,24/12/2006,0.0683,0.0718,0.0746,0.0688
11/12/2006,17/12/2006,0.0652,0.0714,0.0708,0.0674
04/12/2006,10/12/2006,0.0647,0.0718,0.073,0.067
27/11/2006,03/12/2006,0.067,0.07,0.0755,0.0663
20/11/2006,26/11/2006,0.0677,0.0723,0.0686,0.0671
13/11/2006,19/11/2006,0.067,0.0725,0.0636,0.0667
06/11/2006,12/11/2006,0.0649,0.0746,0.0641,0.0677
30/10/2006,05/11/2006,0.0668,0.0707,0.0595,0.0674
23/10/2006,29/10/2006,0.0643,0.07,0.0577,0.0669
16/10/2006,22/10/2006,0.0623,0.07,0.0555,0.0669
09/10/2006,15/10/2006,0.0622,0.0685,0.0685,0.0714
02/10/2006,08/10/2006,0.0629,0.0683,0.0765,0.0672
25/09/2006,01/10/2006,0.0653,0.0704,0.0736,0.0689
18/09/2006,24/09/2006,0.0632,0.0687,0.0731,0.0665
11/09/2006,17/09/2006,0.065,0.0685,0.0696,0.0676
04/09/2006,10/09/2006,0.0627,0.0672,0.0721,0.0667
28/08/2006,03/09/2006,0.0616,0.068,0.0745,0.0674
21/08/2006,27/08/2006,0.0646,0.068,0.0715,0.0678
14/08/2006,20/08/2006,0.0645,0.0683,0.0692,0.0675
07/08/2006,13/08/2006,0.0648,0.0673,0.0663,0.069
31/07/2006,06/08/2006,0.0674,0.0696,0.0658,0.0704
24/07/2006,30/07/2006,0.0635,0.0658,0.0654,0.0664
17/07/2006,23/07/2006,0.0645,0.0656,0.0668,0.0664
10/07/2006,16/07/2006,0.0617,0.065,0.0619,0.0662
03/07/2006,09/07/2006,0.0618,0.066,0.0591,0.0653
26/06/2006,02/07/2006,0.0614,0.0658,0.0607,0.0657
19/06/2006,25/06/2006,0.0613,0.066,0.0566,0.0651
12/06/2006,18/06/2006,0.0601,0.0672,0.0615,0.0679
05/06/2006,11/06/2006,0.0607,0.0663,0.0611,0.065
29/05/2006,04/06/2006,0.0598,0.0649,0.0653,0.0649
22/05/2006,28/05/2006,0.0595,0.0649,0.0581,0.0668
15/05/2006,21/05/2006,0.0599,0.0643,0.0618,0.0644
08/05/2006,14/05/2006,0.0591,0.0646,0.0649,0.065
01/05/2006,07/05/2006,0.0596,0.0643,0.0689,0.0654
24/04/2006,30/04/2006,0.0589,0.0648,0.0685,0.0589
17/04/2006,23/04/2006,0.0588,0.0653,0.07,0.0588
10/04/2006,16/04/2006,0.0593,0.0655,0.0655,0.0593
03/04/2006,09/04/2006,0.0599,0.0652,0.0699,0.0664
27/03/2006,02/04/2006,0.0592,0.0647,0.0683,0.0674
20/03/2006,26/03/2006,0.0599,0.0642,0.0699,0.0657
13/03/2006,19/03/2006,0.0596,0.0649,0.0703,0.0692
06/03/2006,12/03/2006,0.0598,0.0663,0.0683,0.0653
27/02/2006,05/03/2006,0.0598,0.0654,0.0689,0.0653
20/02/2006,26/02/2006,0.0606,0.0648,0.0688,0.0654
13/02/2006,19/02/2006,0.0607,0.0668,0.0665,0.0654
06/02/2006,12/02/2006,0.0605,0.0665,0.0697,0.0668
30/01/2006,05/02/2006,0.0609,0.0672,0.0711,0.066
23/01/2006,29/01/2006,0.0612,0.068,0.068,0.0669
16/01/2006,22/01/2006,0.062,0.0688,0.0702,0.0672
09/01/2006,15/01/2006,0.0623,0.0687,0.0719,0.0663
02/01/2006,08/01/2006,0.0619,0.0697,0.0726,0.0674
26/12/2005,01/01/2006,0.0631,0.0709,0.0755,0.0678
19/12/2005,25/12/2005,0.0635,0.0715,0.0711,0.069
12/12/2005,18/12/2005,0.0639,0.0691,0.0699,0.0667
05/12/2005,11/12/2005,0.0633,0.0688,0.068,0.0675
28/11/2005,04/12/2005,0.0639,0.0706,0.072,0.0691
21/11/2005,27/11/2005,0.0644,0.0709,0.0699,0.0677
14/11/2005,20/11/2005,0.0649,0.0713,0.0705,0.0695
07/11/2005,13/11/2005,0.0645,0.0709,0.068,0.067
31/10/2005,06/11/2005,0.0646,0.0708,0.062,0.0679
24/10/2005,30/10/2005,0.0645,0.0712,0.061,0.0694
17/10/2005,23/10/2005,0.0651,0.0724,0.067,0.0699
10/10/2005,16/10/2005,0.0652,0.0705,0.0686,0.0699
03/10/2005,09/10/2005,0.0676,0.0737,0.0765,0.0707
26/09/2005,02/10/2005,0.0682,0.0736,0.0738,0.0717
19/09/2005,25/09/2005,0.0688,0.0746,0.0757,0.0716
12/09/2005,18/09/2005,0.0686,0.0746,0.0772,0.0735
05/09/2005,11/09/2005,0.0696,0.0742,0.0765,0.073
29/08/2005,04/09/2005,0.0694,0.075,0.0798,0.0722
22/08/2005,28/08/2005,0.0699,0.0748,0.0765,0.0721
15/08/2005,21/08/2005,0.0701,0.0753,0.0765,0.0727
08/08/2005,14/08/2005,0.0703,0.0754,0.0765,0.0749
01/08/2005,07/08/2005,0.0712,0.0749,0.0751,0.0742
25/07/2005,31/07/2005,0.0714,0.0758,0.0743,0.0755
18/07/2005,24/07/2005,0.0705,0.0759,0.0762,0.0763
11/07/2005,17/07/2005,0.0707,0.0759,0.0777,0.0759
04/07/2005,10/07/2005,0.0711,0.0764,0.0724,0.0757
27/06/2005,03/07/2005,0.0718,0.0773,0.0719,0.0759
20/06/2005,26/06/2005,0.0721,0.0779,0.0672,0.0776
13/06/2005,19/06/2005,0.0721,0.0769,0.0688,0.0772
06/06/2005,12/06/2005,0.0718,0.0767,0.08,0.0764
30/05/2005,05/06/2005,0.0712,0.0775,0.08,0.0775
23/05/2005,29/05/2005,0.0717,0.0776,0.0817,0.0771
16/05/2005,22/05/2005,0.0717,0.0787,0.0808,0.0776
09/05/2005,15/05/2005,0.0728,0.0781,0.0799,0.0783
02/05/2005,08/05/2005,0.0732,0.0777,0.0783,0.0758
25/04/2005,01/05/2005,0.0726,0.0781,0.083,0.0788
18/04/2005,24/04/2005,0.0725,0.0786,0.0789,0.0778
11/04/2005,17/04/2005,0.0732,0.0791,0.0793,0.0794
04/04/2005,10/04/2005,0.0729,0.0796,0.0809,0.0787
28/03/2005,03/04/2005,0.0744,0.0801,0.0801,0.0797
21/03/2005,27/03/2005,0.0736,0.0794,0.0794,0.0793
14/03/2005,20/03/2005,0.0734,0.0798,0.0832,0.0796
07/03/2005,13/03/2005,0.0737,0.0793,0.0852,0.0789
28/02/2005,06/03/2005,0.0742,0.0795,0.0869,0.0792
21/02/2005,27/02/2005,0.0738,0.0801,0.085,0.0797
14/02/2005,20/02/2005,0.0738,0.08,0.0872,0.078
07/02/2005,13/02/2005,0.075,0.0809,0.0855,0.079
31/01/2005,06/02/2005,0.0764,0.0827,0.0894,0.079
24/01/2005,30/01/2005,0.0764,0.0816,0.0845,0.0815
17/01/2005,23/01/2005,0.0779,0.0838,0.0896,0.0823
10/01/2005,16/01/2005,0.077,0.0826,0.0844,0.0818
03/01/2005,09/01/2005,0.0773,0.0845,0.0861,0.0811
27/12/2004,02/01/2005,0.0771,0.0845,0.089,0.0813
20/12/2004,26/12/2004,0.0773,0.0852,0.0888,0.0837
13/12/2004,19/12/2004,0.0779,0.0839,0.0879,0.0849
06/12/2004,12/12/2004,0.0776,0.0842,0.0881,0.0842
29/11/2004,05/12/2004,0.0768,0.0848,0.092,0.0838
22/11/2004,28/11/2004,0.0768,0.0851,0.0829,0.0818
15/11/2004,21/11/2004,0.0769,0.0829,0.0802,0.0833
08/11/2004,14/11/2004,0.0767,0.0843,0.0829,0.0823
01/11/2004,07/11/2004,0.0768,0.0841,0.0745,0.0829
25/10/2004,31/10/2004,0.0772,0.0845,0.0714,0.0824
18/10/2004,24/10/2004,0.077,0.0832,0.0744,0.0823
11/10/2004,17/10/2004,0.0761,0.0839,0.077,0.0831
04/10/2004,10/10/2004,0.0766,0.0831,0.085,0.0852
27/09/2004,03/10/2004,0.0772,0.083,0.0835,0.0834
20/09/2004,26/09/2004,0.0772,0.0837,0.0852,0.0833
13/09/2004,19/09/2004,0.0777,0.0836,0.0885,0.0842
06/09/2004,12/09/2004,0.078,0.0815,0.0876,0.084
30/08/2004,05/09/2004,0.078,0.0837,0.0852,0.0844
23/08/2004,29/08/2004,0.0778,0.0826,0.085,0.083
16/08/2004,22/08/2004,0.0775,0.0828,0.0843,0.0841
09/08/2004,15/08/2004,0.0773,0.0823,0.0894,0.0842
02/08/2004,08/08/2004,0.0787,0.0831,0.0795,0.0859
26/07/2004,01/08/2004,0.0779,0.0844,0.0733,0.085
19/07/2004,25/07/2004,0.0791,0.0827,0.0714,0.0879
12/07/2004,18/07/2004,0.0776,0.085,0.0783,0.0853
05/07/2004,11/07/2004,0.0789,0.0836,0.0671,0.0873
28/06/2004,04/07/2004,0.0781,0.0836,0.0795,0.0855
21/06/2004,27/06/2004,0.079,0.0862,0.0766,0.0862
14/06/2004,20/06/2004,0.0784,0.0847,0.0684,0.0846
07/06/2004,13/06/2004,0.0773,0.0851,0.079,0.0851
31/05/2004,06/06/2004,0.0789,0.0855,0.0909,0.0863
24/05/2004,30/05/2004,0.078,0.0858,0.0854,0.0843
17/05/2004,23/05/2004,0.0776,0.0849,0.0892,0.0861
10/05/2004,16/05/2004,0.0787,0.0853,0.085,0.0862
03/05/2004,09/05/2004,0.0789,0.085,0.087,0.0856
26/04/2004,02/05/2004,0.0775,0.0844,0.0876,0.0865
19/04/2004,25/04/2004,0.0785,0.0856,0.0856,0.0844
12/04/2004,18/04/2004,0.0777,0.0845,0.0838,0.0839
05/04/2004,11/04/2004,0.0769,0.0837,0.0861,0.0846
29/03/2004,04/04/2004,0.0781,0.0831,0.0848,0.086
22/03/2004,28/03/2004,0.0767,0.0843,0.0886,0.0845
15/03/2004,21/03/2004,0.0771,0.0837,0.0859,0.0835
08/03/2004,14/03/2004,0.0802,0.0854,0.0865,0.0886
01/03/2004,07/03/2004,0.077,0.0861,0.09,0.0852
23/02/2004,29/02/2004,0.0776,0.085,0.0888,0.0861
16/02/2004,22/02/2004,0.0798,0.0855,0.0894,0.0878
09/02/2004,15/02/2004,0.0793,0.0857,0.0886,0.088
02/02/2004,08/02/2004,0.0801,0.0877,0.0891,0.0862
26/01/2004,01/02/2004,0.0799,0.0853,0.0883,0.0881
19/01/2004,25/01/2004,0.079,0.0866,0.0912,0.0862
12/01/2004,18/01/2004,0.0799,0.0868,0.0994,0.0853
05/01/2004,11/01/2004,0.0796,0.0851,0.0877,0.0851
29/12/2003,04/01/2004,0.0792,0.0859,0.0902,0.087
22/12/2003,28/12/2003,0.0788,0.0869,0.0901,0.0871
15/12/2003,21/12/2003,0.0793,0.0871,0.0878,0.0857
08/12/2003,14/12/2003,0.0801,0.0875,0.0887,0.0876
01/12/2003,07/12/2003,0.0794,0.0855,0.0899,0.0861
24/11/2003,30/11/2003,0.0785,0.0865,0.0888,0.0864
17/11/2003,23/11/2003,0.0795,0.086,0.086,0.0866
10/11/2003,16/11/2003,0.0796,0.0862,0.0731,0.0869
03/11/2003,09/11/2003,0.0791,0.0858,0.0766,0.0855
27/10/2003,02/11/2003,0.0782,0.0859,0.0843,0.0864
20/10/2003,26/10/2003,0.0784,0.0863,0.066,0.0853
13/10/2003,19/10/2003,0.0775,0.0836,0.0814,0.0837
06/10/2003,12/10/2003,0.0768,0.085,0.0766,0.082
29/09/2003,05/10/2003,0.0777,0.0838,0.0856,0.0843
22/09/2003,28/09/2003,0.0783,0.0852,0.0891,0.0846
15/09/2003,21/09/2003,0.0778,0.0853,0.0934,0.0847
08/09/2003,14/09/2003,0.0779,0.0842,0.0838,0.0854
01/09/2003,07/09/2003,0.0776,0.0831,0.0854,0.0846
25/08/2003,31/08/2003,0.0788,0.0852,0.0876,0.0855
18/08/2003,24/08/2003,0.0787,0.0837,0.0925,0.0849
11/08/2003,17/08/2003,0.0785,0.0844,0.0852,0.084
04/08/2003,10/08/2003,0.0787,0.0846,0.0793,0.0849
28/07/2003,03/08/2003,0.0783,0.0829,0.0805,0.0832
21/07/2003,27/07/2003,0.0781,0.0834,0.0803,0.0846
14/07/2003,20/07/2003,0.0774,0.0836,0.0787,0.0831
07/07/2003,13/07/2003,0.078,0.0813,0.0748,0.0843
30/06/2003,06/07/2003,0.0781,0.0837,0.0755,0.0828
23/06/2003,29/06/2003,0.0778,0.083,0.0757,0.084
16/06/2003,22/06/2003,0.0777,0.0841,0.0869,0.0842
09/06/2003,15/06/2003,0.0775,0.0841,0.0824,0.0847
02/06/2003,08/06/2003,0.0776,0.0834,0.085,0.0846
26/05/2003,01/06/2003,0.0781,0.0833,0.0858,0.0847
19/05/2003,25/05/2003,0.0781,0.0826,0.0852,0.0835
12/05/2003,18/05/2003,0.0779,0.0833,0.0918,0.0835
05/05/2003,11/05/2003,0.0776,0.0839,0.1013,0.0811
28/04/2003,04/05/2003,0.0771,0.0837,0.0863,0.0817
21/04/2003,27/04/2003,0.0772,0.0837,0.0864,0.0833
14/04/2003,20/04/2003,0.0768,0.0828,0.0949,0.0812
07/04/2003,13/04/2003,0.0768,0.083,0.0891,0.0827
31/03/2003,06/04/2003,0.0768,0.0818,0.0833,0.0805
24/03/2003,30/03/2003,0.078,0.082,0.0785,0.0806
17/03/2003,23/03/2003,0.0775,0.0816,0.0854,0.0825
10/03/2003,16/03/2003,0.0784,0.0834,0.0867,0.0833
03/03/2003,09/03/2003,0.0777,0.0828,0.0954,0.0819
24/02/2003,02/03/2003,0.0782,0.0824,0.0847,0.083
17/02/2003,23/02/2003,0.0769,0.0815,0.1149,0.08
10/02/2003,16/02/2003,0.0775,0.0825,0.0843,0.0828
03/02/2003,09/02/2003,0.0778,0.0835,0.0807,0.0826
27/01/2003,02/02/2003,0.0765,0.0822,0.0934,0.0825
20/01/2003,26/01/2003,0.076,0.083,0.0841,0.0816
13/01/2003,19/01/2003,0.0762,0.0841,0.0876,0.0787
06/01/2003,12/01/2003,0.077,0.0833,0.0855,0.0818
30/12/2002,05/01/2003,0.077,0.0853,0.0819,0.0824
23/12/2002,29/12/2002,0.0773,0.0847,0.0833,0.0828
16/12/2002,22/12/2002,0.0776,0.085,0.0809,0.0837
09/12/2002,15/12/2002,0.0772,0.085,0.0824,0.0827
02/12/2002,08/12/2002,0.0785,0.0861,0.0885,0.0816
25/11/2002,01/12/2002,0.0791,0.0855,0.0811,0.0853
18/11/2002,24/11/2002,0.0793,0.0862,0.0788,0.0826
11/11/2002,17/11/2002,0.0791,0.0858,0.0798,0.0836
04/11/2002,10/11/2002,0.0791,0.0861,0.0728,0.0827
28/10/2002,03/11/2002,0.079,0.0864,0.0772,0.0819
21/10/2002,27/10/2002,0.0797,0.0867,0.0743,0.082
14/10/2002,20/10/2002,0.0784,0.0862,0.0778,0.0826
07/10/2002,13/10/2002,0.0777,0.0877,0.0859,0.0824
30/09/2002,06/10/2002,0.0791,0.0882,0.0891,0.0836
23/09/2002,29/09/2002,0.0793,0.0864,0.0886,0.0829
16/09/2002,22/09/2002,0.0796,0.0871,0.0873,0.0848
09/09/2002,15/09/2002,0.0796,0.086,0.0873,0.0847
02/09/2002,08/09/2002,0.0794,0.0857,0.0902,0.0841
26/08/2002,01/09/2002,0.08,0.0856,0.0884,0.0846
19/08/2002,25/08/2002,0.0782,0.0844,0.0879,0.0815
12/08/2002,18/08/2002,0.0788,0.0838,0.0877,0.0835
05/08/2002,11/08/2002,0.0773,0.0836,0.0935,0.0807
29/07/2002,04/08/2002,0.0774,0.0851,0.0882,0.0825
22/07/2002,28/07/2002,0.0774,0.0842,0.0869,0.0822
15/07/2002,21/07/2002,0.0799,0.0846,0.0922,0.084
08/07/2002,14/07/2002,0.0816,0.0847,0.0904,0.0862
01/07/2002,07/07/2002,0.0819,0.0859,0.0922,0.0872
24/06/2002,30/06/2002,0.0821,0.0886,0.0958,0.0958
17/06/2002,23/06/2002,0.0854,0.0892,0.0954,0.0898
10/06/2002,16/06/2002,0.0869,0.0912,0.0952,0.0933
03/06/2002,09/06/2002,0.0882,0.0905,0.099,0.0931
27/05/2002,02/06/2002,0.0901,0.0933,0.0975,0.0924
20/05/2002,26/05/2002,0.0912,0.0946,0.0984,0.0953
13/05/2002,19/05/2002,0.0924,0.0964,0.1051,0.0965
06/05/2002,12/05/2002,0.0956,0.0997,0.1077,0.1001
29/04/2002,05/05/2002,0.0975,0.1028,0.1048,0.1035
22/04/2002,28/04/2002,0.1002,0.1049,0.109,0.1075
15/04/2002,21/04/2002,0.1027,0.1071,0.113,0.1082
08/04/2002,14/04/2002,0.1039,0.1098,0.1111,0.1091
01/04/2002,07/04/2002,0.1041,0.1105,0.1146,0.1085
25/03/2002,31/03/2002,0.1055,0.1106,0.114,0.111
18/03/2002,24/03/2002,0.1062,0.1102,0.1149,0.1128
11/03/2002,17/03/2002,0.1075,0.1119,0.1142,0.1152
04/03/2002,10/03/2002,0.1079,0.1139,0.1117,0.1135
25/02/2002,03/03/2002,0.1067,0.1115,0.1142,0.1122
18/02/2002,24/02/2002,0.1082,0.1123,0.1151,0.1112
11/02/2002,17/02/2002,0.107,0.1152,0.1185,0.1097
04/02/2002,10/02/2002,0.1087,0.1158,0.1191,0.1151
28/01/2002,03/02/2002,0.1115,0.1166,0.1193,0.1176
21/01/2002,27/01/2002,0.113,0.1162,0.1191,0.1185
14/01/2002,20/01/2002,0.113,0.119,0.1187,0.1189
07/01/2002,13/01/2002,0.1147,0.1185,0.1199,0.1212
31/12/2001,06/01/2002,0.1151,0.1186,0.118,0.1219
24/12/2001,30/12/2001,0.1136,0.1207,0.1228,0.1206
17/12/2001,23/12/2001,0.1131,0.1196,0.1226,0.1192
10/12/2001,16/12/2001,0.1148,0.12,0.1222,0.1239
03/12/2001,09/12/2001,0.1151,0.1197,0.1237,0.1236
26/11/2001,02/12/2001,0.1144,0.1191,0.1229,0.1195
19/11/2001,25/11/2001,0.1138,0.1201,0.1199,0.1175
12/11/2001,18/11/2001,0.1158,0.1199,0.1218,0.1198
05/11/2001,11/11/2001,0.1144,0.1201,0.1221,0.117
29/10/2001,04/11/2001,0.1138,0.1208,0.1259,0.1185
22/10/2001,28/10/2001,0.1146,0.1224,0.1245,0.1206
15/10/2001,21/10/2001,0.1154,0.1209,0.1235,0.1221
08/10/2001,14/10/2001,0.1154,0.1247,0.1214,0.1212
01/10/2001,07/10/2001,0.1156,0.1214,0.1294,0.1251
24/09/2001,30/09/2001,0.1189,0.1256,0.1291,0.1249
17/09/2001,23/09/2001,0.1196,0.1248,0.1259,0.1249
10/09/2001,16/09/2001,0.1205,0.1282,0.1268,0.1296
03/09/2001,09/09/2001,0.1207,0.1274,0.1304,0.1284
27/08/2001,02/09/2001,0.1229,0.1279,0.1306,0.1303
20/08/2001,26/08/2001,0.1246,0.1292,0.1336,0.1277
13/08/2001,19/08/2001,0.1246,0.1293,0.1322,0.1284
06/08/2001,12/08/2001,0.1253,0.1301,0.1393,0.1304
30/07/2001,05/08/2001,0.1266,0.1301,0.1375,0.131
23/07/2001,29/07/2001,0.1276,0.1304,0.1403,0.1339
16/07/2001,22/07/2001,0.1264,0.1298,0.1384,0.1349
09/07/2001,15/07/2001,0.1266,0.13,0.1361,0.1307
02/07/2001,08/07/2001,0.1275,0.1294,0.1414,0.1308
25/06/2001,01/07/2001,0.1275,0.1309,0.1418,0.1319
18/06/2001,24/06/2001,0.1265,0.1316,0.1471,0.1309
11/06/2001,17/06/2001,0.1264,0.1324,0.1474,0.1303
04/06/2001,10/06/2001,0.1272,0.132,0.1387,0.1321
28/05/2001,03/06/2001,0.1273,0.1321,0.1392,0.1371
21/05/2001,27/05/2001,0.1269,0.1297,0.1395,0.1296
14/05/2001,20/05/2001,0.1274,0.1297,0.1365,0.1298
07/05/2001,13/05/2001,0.1267,0.1304,0.1485,0.1318
30/04/2001,06/05/2001,0.1271,0.1288,0.1393,0.1315
23/04/2001,29/04/2001,0.1275,0.132,0.14,0.1333
16/04/2001,22/04/2001,0.1282,0.1338,0.1401,0.1335
09/04/2001,15/04/2001,0.1277,0.1368,0.1401,0.1353
02/04/2001,08/04/2001,0.1293,0.1347,0.1408,0.1405
26/03/2001,01/04/2001,0.1296,0.1339,0.1423,0.1345
19/03/2001,25/03/2001,0.1296,0.1381,0.146,0.1355
12/03/2001,18/03/2001,0.1318,0.1377,0.1515,0.137
05/03/2001,11/03/2001,0.131,0.1366,0.1423,0.1355
26/02/2001,04/03/2001,0.1329,0.1371,0.1463,0.1375
19/02/2001,25/02/2001,0.1343,0.136,0.1462,0.1364
12/02/2001,18/02/2001,0.1346,0.1389,0.1511,0.1377
05/02/2001,11/02/2001,0.1337,0.1383,0.1473,0.1354
29/01/2001,04/02/2001,0.1354,0.1391,0.1511,0.1388
22/01/2001,28/01/2001,0.1339,0.1377,0.1547,0.1382
15/01/2001,21/01/2001,0.1353,0.135,0.151,0.1393
08/01/2001,14/01/2001,0.1354,0.1395,0.1414,0.1442
01/01/2001,07/01/2001,0.1333,0.1383,0.1471,0.1388
25/12/2000,31/12/2000,0.1335,0.143,0.1451,0.138
18/12/2000,24/12/2000,0.1325,0.1421,0.1458,0.135
11/12/2000,17/12/2000,0.1323,0.1399,0.1466,0.1393
04/12/2000,10/12/2000,0.131,0.1367,0.1489,0.1354
27/11/2000,03/12/2000,0.131,0.1365,0.1441,0.1351
20/11/2000,26/11/2000,0.13,0.1376,0.1461,0.1342
13/11/2000,19/11/2000,0.13,0.1339,0.1487,0.1322
06/11/2000,12/11/2000,0.1327,0.1336,0.1444,0.1341
30/10/2000,05/11/2000,0.1295,0.1342,0.1408,0.1333
23/10/2000,29/10/2000,0.1283,0.1363,0.1455,0.133
16/10/2000,22/10/2000,0.1285,0.136,0.1416,0.1327
09/10/2000,15/10/2000,0.1297,0.1354,0.1518,0.1359
02/10/2000,08/10/2000,0.1287,0.1337,0.1509,0.1342
25/09/2000,01/10/2000,0.1295,0.133,0.146,0.1352
18/09/2000,24/09/2000,0.1301,0.133,0.1502,0.1351
11/09/2000,17/09/2000,0.1292,0.1332,0.1495,0.1296
04/09/2000,10/09/2000,0.1264,0.1296,0.1383,0.13
28/08/2000,03/09/2000,0.1258,0.1302,0.138,0.1336
21/08/2000,27/08/2000,0.1248,0.1323,0.1388,0.1281
14/08/2000,20/08/2000,0.1231,0.1316,0.1339,0.1295
07/08/2000,13/08/2000,0.1229,0.1291,0.14,0.1275
31/07/2000,06/08/2000,0.123,0.1302,0.1423,0.1284
24/07/2000,30/07/2000,0.123,0.1287,0.137,0.1265
17/07/2000,23/07/2000,0.1198,0.1262,0.1419,0.1271
10/07/2000,16/07/2000,0.1227,0.128,0.1336,0.1253
03/07/2000,09/07/2000,0.1202,0.1263,0.1335,0.1218
26/06/2000,02/07/2000,0.1197,0.1266,0.1283,0.1234
19/06/2000,25/06/2000,0.1198,0.1265,0.1374,0.1222
12/06/2000,18/06/2000,0.1199,0.1271,0.1305,0.1218
05/06/2000,11/06/2000,0.1181,0.1273,0.1251,0.1214
29/05/2000,04/06/2000,0.1182,0.1269,0.1281,0.1257
22/05/2000,28/05/2000,0.1174,0.1263,0.1302,0.1204
15/05/2000,21/05/2000,0.1167,0.1244,0.1266,0.1226
08/05/2000,14/05/2000,0.1158,0.1232,0.1221,0.1208
01/05/2000,07/05/2000,0.1153,0.1247,0.1306,0.1191
24/04/2000,30/04/2000,0.1147,0.1247,0.1228,0.1177
17/04/2000,23/04/2000,0.1128,0.1243,0.1252,0.1173
10/04/2000,16/04/2000,0.113,0.1238,0.125,0.117
03/04/2000,09/04/2000,0.1129,0.1267,0.1293,0.1161
27/03/2000,02/04/2000,0.1098,0.1192,0.1284,0.1162
20/03/2000,26/03/2000,0.1086,0.1204,0.1197,0.1124
13/03/2000,19/03/2000,0.1078,0.1216,0.1236,0.115
06/03/2000,12/03/2000,0.1043,0.1134,0.1213,0.1098
28/02/2000,05/03/2000,0.1037,0.1119,0.1224,0.1064
21/02/2000,27/02/2000,0.1003,0.1193,0.1094,0.1077
14/02/2000,20/02/2000,0.1,0.1116,0.1153,0.1078
07/02/2000,13/02/2000,0.1059,0.1166,0.1205,0.1138
31/01/2000,06/02/2000,0.1092,0.1221,0.1291,0.1139
24/01/2000,30/01/2000,0.1215,0.1303,0.1409,0.1288
17/01/2000,23/01/2000,0.1351,0.1435,0.1545,0.1452
10/01/2000,16/01/2000,0.146,0.1544,0.1603,0.1562
03/01/2000,09/01/2000,0.1539,0.1619,0.1652,0.157
27/12/1999,02/01/2000,0.1575,0.1681,0.1703,0.1683
20/12/1999,26/12/1999,0.1605,0.1704,0.1853,0.1676
13/12/1999,19/12/1999,0.1671,0.1814,0.1843,0.1717
06/12/1999,12/12/1999,0.1707,0.1833,0.1878,0.179
29/11/1999,05/12/1999,0.1747,0.1837,0.1926,0.1768
22/11/1999,28/11/1999,0.1794,0.1834,0.1912,0.1818
15/11/1999,21/11/1999,0.1823,0.1911,0.202,0.1875
08/11/1999,14/11/1999,0.1824,0.1919,0.2067,0.1871
01/11/1999,07/11/1999,0.181,0.194,0.2069,0.1863
25/10/1999,31/10/1999,0.1823,0.1994,0.2128,0.186
18/10/1999,24/10/1999,0.1812,0.1989,0.2044,0.1848
11/10/1999,17/10/1999,0.1825,0.1938,0.1906,0.1822
04/10/1999,10/10/1999,0.1803,0.1982,0.1847,0.1822
27/09/1999,03/10/1999,0.1795,0.1996,0.2033,0.1758
20/09/1999,26/09/1999,0.1808,0.1918,0.2067,0.1792
13/09/1999,19/09/1999,0.1803,0.1966,0.2108,0.1804
06/09/1999,12/09/1999,0.1822,0.1949,0.1971,0.1798
30/08/1999,05/09/1999,0.1839,0.1995,0.2006,0.1808
23/08/1999,29/08/1999,0.1867,0.1989,0.2034,0.19
16/08/1999,22/08/1999,0.1913,0.1998,0.2066,0.1947
09/08/1999,15/08/1999,0.1925,0.1996,0.2058,0.2005
02/08/1999,08/08/1999,0.1956,0.2013,0.2048,0.1961
26/07/1999,01/08/1999,0.1919,0.1977,0.2059,0.1899
19/07/1999,25/07/1999,0.1911,0.1949,0.2002,0.1875
12/07/1999,18/07/1999,0.1859,0.1982,0.1931,0.1874
05/07/1999,11/07/1999,0.1821,0.1865,0.1913,0.1852
28/06/1999,04/07/1999,0.1779,0.1842,0.2004,0.1808
21/06/1999,27/06/1999,0.1774,0.183,0.1906,0.1795
14/06/1999,20/06/1999,0.179,0.1891,0.1988,0.1795
07/06/1999,13/06/1999,0.178,0.1895,0.198,0.1779
31/05/1999,06/06/1999,0.1812,0.1943,0.1957,0.1782
24/05/1999,30/05/1999,0.1835,0.197,0.2006,0.1826
17/05/1999,23/05/1999,0.1922,0.2031,0.2092,0.1904
10/05/1999,16/05/1999,0.201,0.2161,0.2007,0.2037
03/05/1999,09/05/1999,0.2113,0.2274,0.2234,0.2042
26/04/1999,02/05/1999,0.2189,0.2316,0.2349,0.2184
19/04/1999,25/04/1999,0.2252,0.2436,0.2452,0.2224
12/04/1999,18/04/1999,0.231,0.2482,0.2455,0.2325
05/04/1999,11/04/1999,0.2406,0.2555,0.2557,0.2376
29/03/1999,04/04/1999,0.2483,0.2554,0.2556,0.2421
22/03/1999,28/03/1999,0.249,0.2579,0.2644,0.2459
15/03/1999,21/03/1999,0.2517,0.2698,0.2721,0.2532
08/03/1999,14/03/1999,0.2704,0.2794,0.2918,0.2623
01/03/1999,07/03/1999,0.2881,0.2998,0.2968,0.2779
22/02/1999,28/02/1999,0.3014,0.3116,0.3,0.294
15/02/1999,21/02/1999,0.3098,0.316,0.3072,0.309
08/02/1999,14/02/1999,0.3196,0.3208,0.3181,0.3166
01/02/1999,07/02/1999,0.3261,0.3304,0.322,0.3226
25/01/1999,31/01/1999,0.3322,0.3267,0.3198,0.3232
18/01/1999,24/01/1999,0.335,0.3273,0.3216,0.3246
11/01/1999,17/01/1999,0.3377,0.3354,0.3337,0.3312
04/01/1999,10/01/1999,0.3406,0.328,0.342,0.328
28/12/1998,03/01/1999,0.3433,0.3534,0.3479,0.343
21/12/1998,27/12/1998,0.3556,0.3619,0.3558,0.3587
14/12/1998,20/12/1998,0.3596,0.3623,0.3367,0.3625
07/12/1998,13/12/1998,0.3614,0.3687,0.3648,0.3617
30/11/1998,06/12/1998,0.363,0.3721,0.3656,0.364
23/11/1998,29/11/1998,0.3656,0.37,0.3288,0.3695
16/11/1998,22/11/1998,0.362,0.3595,0.3282,0.3698
09/11/1998,15/11/1998,0.3717,0.3799,0.3418,0.3688
02/11/1998,08/11/1998,0.3709,0.3641,0.3395,0.3636
26/10/1998,01/11/1998,0.3619,0.3744,0.3355,0.367
19/10/1998,25/10/1998,0.3676,0.3682,0.3406,0.3667
12/10/1998,18/10/1998,0.3578,0.3623,0.3512,0.3589
05/10/1998,11/10/1998,0.3513,0.3598,0.3414,0.3559
28/09/1998,04/10/1998,0.3598,0.3765,0.3472,0.359
21/09/1998,27/09/1998,0.3693,0.3649,0.3351,0.3685
14/09/1998,20/09/1998,0.3467,0.3438,0.3312,0.3447
07/09/1998,13/09/1998,0.3369,0.3428,0.3303,0.3297
31/08/1998,06/09/1998,0.3364,0.3352,0.3429,0.3297
24/08/1998,30/08/1998,0.3391,0.3454,0.3538,0.3362
17/08/1998,23/08/1998,0.3433,0.3435,0.3348,0.346
10/08/1998,16/08/1998,0.3514,0.3455,0.3359,0.3494
03/08/1998,09/08/1998,0.3565,0.3552,0.3475,0.3564
27/07/1998,02/08/1998,0.3611,0.3612,0.3566,0.3697
20/07/1998,26/07/1998,0.3692,0.3634,0.3669,0.3714
13/07/1998,19/07/1998,0.37,0.3491,0.3594,0.3645
06/07/1998,12/07/1998,0.3653,0.3364,0.3491,0.3673
29/06/1998,05/07/1998,0.3757,0.3517,0.339,0.3766
22/06/1998,28/06/1998,0.3731,0.3437,0.3494,0.3746
15/06/1998,21/06/1998,0.3668,0.3479,0.3309,0.3685
08/06/1998,14/06/1998,0.3378,0.3166,0.3159,0.3288
01/06/1998,07/06/1998,0.3162,0.3185,0.3084,0.3073
25/05/1998,31/05/1998,0.3193,0.3147,0.3091,0.3163
18/05/1998,24/05/1998,0.3135,0.3054,0.3284,0.3123
11/05/1998,17/05/1998,0.3173,0.3157,0.3237,0.3015
04/05/1998,10/05/1998,0.3103,0.3079,0.3153,0.3003
27/04/1998,03/05/1998,0.3112,0.3016,0.2979,0.299
20/04/1998,26/04/1998,0.3088,0.3008,0.2922,0.3064
13/04/1998,19/04/1998,0.2913,0.293,0.2867,0.2945
06/04/1998,12/04/1998,0.2939,0.2894,0.2897,0.2813
30/03/1998,05/04/1998,0.2881,0.286,0.2812,0.2791
23/03/1998,29/03/1998,0.283,0.2812,0.2793,0.2772
16/03/1998,22/03/1998,0.2776,0.2692,0.278,0.2722
09/03/1998,15/03/1998,0.2706,0.2759,0.2735,0.2529
02/03/1998,08/03/1998,0.2545,0.262,0.2559,0.2401
23/02/1998,01/03/1998,0.2522,0.2538,0.2546,0.2433
16/02/1998,22/02/1998,0.2479,0.2549,0.2495,0.2444
09/02/1998,15/02/1998,0.2458,0.2502,0.248,0.2361
02/02/1998,08/02/1998,0.2466,0.2509,0.2552,0.2382
26/01/1998,01/02/1998,0.2457,0.2507,0.2545,0.2406
19/01/1998,25/01/1998,0.2473,0.2493,0.2461,0.2436
12/01/1998,18/01/1998,0.2435,0.2484,0.2547,0.2408
05/01/1998,11/01/1998,0.2432,0.2501,0.2509,0.2405
29/12/1997,04/01/1998,0.2428,0.2493,0.2547,0.2429
22/12/1997,28/12/1997,0.2439,0.2495,0.2566,0.2419
15/12/1997,21/12/1997,0.2446,0.2487,0.2551,0.2415
08/12/1997,14/12/1997,0.2412,0.2456,0.253,0.2385
01/12/1997,07/12/1997,0.2409,0.2462,0.2529,0.2364
24/11/1997,30/11/1997,0.2401,0.2438,0.2545,0.2342
17/11/1997,23/11/1997,0.2393,0.2417,0.2472,0.2348
10/11/1997,16/11/1997,0.2402,0.242,0.2418,0.2326
03/11/1997,09/11/1997,0.2354,0.2408,0.2406,0.2299
27/10/1997,02/11/1997,0.2335,0.238,0.2388,0.2304
20/10/1997,26/10/1997,0.2295,0.2379,0.2425,0.2263
13/10/1997,19/10/1997,0.229,0.2362,0.2374,0.2265
06/10/1997,12/10/1997,0.2287,0.2362,0.2385,0.2272
29/09/1997,05/10/1997,0.2287,0.2372,0.2374,0.2275
22/09/1997,28/09/1997,0.2283,0.2363,0.2415,0.2284
15/09/1997,21/09/1997,0.2284,0.2373,0.2393,0.2277
08/09/1997,14/09/1997,0.2294,0.2359,0.2512,0.2283
01/09/1997,07/09/1997,0.2307,0.2345,0.2513,0.225
25/08/1997,31/08/1997,0.2301,0.2346,0.2403,0.2266
18/08/1997,24/08/1997,0.2289,0.2343,0.24,0.2218
11/08/1997,17/08/1997,0.2297,0.2348,0.2422,0.2221
04/08/1997,10/08/1997,0.2296,0.2352,0.2387,0.2219
28/07/1997,03/08/1997,0.2308,0.2378,0.2472,0.2219
21/07/1997,27/07/1997,0.2321,0.2374,0.2454,0.2259
14/07/1997,20/07/1997,0.2336,0.2361,0.2481,0.2245
07/07/1997,13/07/1997,0.233,0.2374,0.2452,0.222
30/06/1997,06/07/1997,0.2321,0.2385,0.2438,0.2261
23/06/1997,29/06/1997,0.231,0.2391,0.2418,0.2235
16/06/1997,22/06/1997,0.2331,0.2384,0.2424,0.2263
09/06/1997,15/06/1997,0.2327,0.2379,0.245,0.2281
02/06/1997,08/06/1997,0.2328,0.2416,0.2366,0.2282
26/05/1997,01/06/1997,0.2345,0.2396,0.248,0.2307
19/05/1997,25/05/1997,0.236,0.2409,0.2517,0.233
12/05/1997,18/05/1997,0.2403,0.2473,0.2492,0.238
05/05/1997,11/05/1997,0.2433,0.2513,0.254,0.2401
28/04/1997,04/05/1997,0.2451,0.2542,0.2517,0.2424
21/04/1997,27/04/1997,0.2468,0.255,0.2562,0.2447
14/04/1997,20/04/1997,0.2494,0.2553,0.2742,0.249
07/04/1997,13/04/1997,0.2521,0.2581,0.256,0.2497
31/03/1997,06/04/1997,0.251,0.2571,0.2578,0.2502
24/03/1997,30/03/1997,0.2544,0.2599,0.2636,0.2518
17/03/1997,23/03/1997,0.2553,0.262,0.2562,0.2515
10/03/1997,16/03/1997,0.2566,0.2621,0.2719,0.2525
03/03/1997,09/03/1997,0.2548,0.2621,0.2692,0.2516
24/02/1997,02/03/1997,0.2525,0.2605,0.2691,0.2498
17/02/1997,23/02/1997,0.2542,0.2616,0.2675,0.2507
10/02/1997,16/02/1997,0.2553,0.262,0.2633,0.2523
03/02/1997,09/02/1997,0.2578,0.267,0.2694,0.255
27/01/1997,02/02/1997,0.2613,0.2732,0.2977,0.2584
20/01/1997,26/01/1997,0.2692,0.2776,0.2833,0.2639
13/01/1997,19/01/1997,0.2722,0.2854,0.2907,0.2673
06/01/1997,12/01/1997,0.2752,0.2798,0.2909,0.2789
30/12/1996,05/01/1997,0.2788,0.2931,0.3004,0.2782
23/12/1996,29/12/1996,0.2799,0.2938,0.3024,0.2797
16/12/1996,22/12/1996,0.2817,0.2968,0.304,0.2807
09/12/1996,15/12/1996,0.2835,0.2988,0.3033,0.2821
02/12/1996,08/12/1996,0.286,0.3023,0.3123,0.2829
25/11/1996,01/12/1996,0.2846,0.3028,0.3114,0.2792
18/11/1996,24/11/1996,0.2856,0.2985,0.3094,0.2807
11/11/1996,17/11/1996,0.2855,0.3033,0.3108,0.2793
04/11/1996,10/11/1996,0.2861,0.3,0.3205,0.2827
28/10/1996,03/11/1996,0.2857,0.3035,0.3206,0.2789
21/10/1996,27/10/1996,0.2879,0.3041,0.3036,0.2806
14/10/1996,20/10/1996,0.2896,0.3049,0.3016,0.2771
07/10/1996,13/10/1996,0.2863,0.3064,0.306,0.2776
30/09/1996,06/10/1996,0.2802,0.3064,0.3193,0.278
23/09/1996,29/09/1996,0.2836,0.3107,0.3121,0.2831
16/09/1996,22/09/1996,0.283,0.3132,0.3132,0.2853
09/09/1996,15/09/1996,0.2898,0.316,0.3147,0.2888
02/09/1996,08/09/1996,0.2941,0.3165,0.3147,0.2971
26/08/1996,01/09/1996,0.2959,0.3158,0.3251,0.3023
19/08/1996,25/08/1996,0.308,0.3208,0.3191,0.3106
12/08/1996,18/08/1996,0.3174,0.3233,0.3208,0.3167
05/08/1996,11/08/1996,0.3219,0.325,0.3281,0.3179
29/07/1996,04/08/1996,0.325,0.3246,0.3298,0.3213
22/07/1996,28/07/1996,0.3248,0.3231,0.3251,0.3207
15/07/1996,21/07/1996,0.3248,0.3216,0.3247,0.3201
08/07/1996,14/07/1996,0.3239,0.3319,0.3262,0.3197
01/07/1996,07/07/1996,0.3271,0.3231,0.3309,0.3202
24/06/1996,30/06/1996,0.3235,0.3124,0.3125,0.3165
17/06/1996,23/06/1996,0.32,0.3259,0.3277,0.3136
10/06/1996,16/06/1996,0.3139,0.3174,0.3299,0.3089
03/06/1996,09/06/1996,0.3109,0.3183,0.3239,0.3109
27/05/1996,02/06/1996,0.3153,0.3231,0.326,0.3161
20/05/1996,26/05/1996,0.3203,0.3287,0.3271,0.3215
13/05/1996,19/05/1996,0.3263,0.3348,0.3359,0.3265
06/05/1996,12/05/1996,0.3318,0.3379,0.3419,0.331
29/04/1996,05/05/1996,0.335,0.3401,0.3478,0.3321
22/04/1996,28/04/1996,0.3367,0.3422,0.3435,0.3341
15/04/1996,21/04/1996,0.3368,0.3412,0.3408,0.3353
08/04/1996,14/04/1996,0.3374,0.3343,0.334,0.3378
01/04/1996,07/04/1996,0.3357,0.3393,0.3319,0.336
25/03/1996,31/03/1996,0.3348,0.3382,0.3403,0.3364
18/03/1996,24/03/1996,0.3364,0.3417,0.3414,0.3347
11/03/1996,17/03/1996,0.3319,0.3329,0.3364,0.3318
04/03/1996,10/03/1996,0.3295,0.3349,0.3115,0.3285
26/02/1996,03/03/1996,0.3334,0.3408,0.335,0.3319
19/02/1996,25/02/1996,0.3299,0.3413,0.3366,0.33
12/02/1996,18/02/1996,0.3307,0.3422,0.3424,0.3222
05/02/1996,11/02/1996,0.318,0.3252,0.315,0.3181
29/01/1996,04/02/1996,0.319,0.3256,0.3272,0.3183
22/01/1996,28/01/1996,0.3227,0.3299,0.3301,0.3219
15/01/1996,21/01/1996,0.3322,0.3275,0.3209,0.3259
08/01/1996,14/01/1996,0.3349,0.3327,0.3392,0.3252
01/01/1996,07/01/1996,0.335,0.3368,0.3311,0.3281
25/12/1995,31/12/1995,0.3313,0.3339,0.3401,0.3293
18/12/1995,24/12/1995,0.3443,0.3537,0.3533,0.3406
11/12/1995,17/12/1995,0.3213,0.3336,0.34,0.3172
04/12/1995,10/12/1995,0.3012,0.315,0.3131,0.2988
27/11/1995,03/12/1995,0.298,0.3157,0.3161,0.2964
20/11/1995,26/11/1995,0.2939,0.3129,0.3226,0.2942
13/11/1995,19/11/1995,0.2935,0.3091,0.3058,0.2956
06/11/1995,12/11/1995,0.2922,0.3077,0.3216,0.2954
30/10/1995,05/11/1995,0.2912,0.3089,0.321,0.2961
23/10/1995,29/10/1995,0.2898,0.3078,0.3065,0.298
16/10/1995,22/10/1995,0.2947,0.3153,0.3239,0.2981
09/10/1995,15/10/1995,0.3013,0.3163,0.3293,0.3023
02/10/1995,08/10/1995,0.2965,0.3272,0.329,0.3003
25/09/1995,01/10/1995,0.2996,0.3282,0.3324,0.3013
18/09/1995,24/09/1995,0.3043,0.3182,0.3219,0.3053
11/09/1995,17/09/1995,0.3009,0.3128,0.3106,0.3011
04/09/1995,10/09/1995,0.2892,0.3031,0.2965,0.2921
28/08/1995,03/09/1995,0.2868,0.2979,0.2962,0.2917
21/08/1995,27/08/1995,0.2901,0.3061,0.3084,0.296
14/08/1995,20/08/1995,0.2934,0.3023,0.295,0.2953
07/08/1995,13/08/1995,0.2963,0.2996,0.293,0.2981
31/07/1995,06/08/1995,0.2978,0.299,0.3016,0.2996
24/07/1995,30/07/1995,0.303,0.3016,0.2988,0.3055
17/07/1995,23/07/1995,0.302,0.3061,0.3128,0.3059
10/07/1995,16/07/1995,0.3059,0.3049,0.3186,0.308
03/07/1995,09/07/1995,0.3195,0.3249,0.3241,0.3183
26/06/1995,02/07/1995,0.3423,0.3482,0.3495,0.3409
19/06/1995,25/06/1995,0.3458,0.35,0.3527,0.3485
12/06/1995,18/06/1995,0.3481,0.3516,0.356,0.3495
05/06/1995,11/06/1995,0.3455,0.3544,0.3419,0.3505
29/05/1995,04/06/1995,0.3475,0.3421,0.3577,0.3492
22/05/1995,28/05/1995,0.3476,0.3515,0.3344,0.3476
15/05/1995,21/05/1995,0.3497,0.3548,0.3285,0.3568
08/05/1995,14/05/1995,0.3595,0.3565,0.3315,0.362
01/05/1995,07/05/1995,0.3625,0.3605,0.3286,0.3616
24/04/1995,30/04/1995,0.3555,0.3519,0.3333,0.364
17/04/1995,23/04/1995,0.3447,0.3394,0.3241,0.3431
10/04/1995,16/04/1995,0.3426,0.3451,0.3401,0.3443
03/04/1995,09/04/1995,0.348,0.3482,0.3493,0.3503
27/03/1995,02/04/1995,0.3538,0.3523,0.3487,0.3567
20/03/1995,26/03/1995,0.3625,0.3587,0.3568,0.3567
13/03/1995,19/03/1995,0.354,0.3516,0.3268,0.3552
06/03/1995,12/03/1995,0.3524,0.3537,0.3438,0.3525
27/02/1995,05/03/1995,0.3534,0.3507,0.3661,0.3524
20/02/1995,26/02/1995,0.3376,0.3396,0.3456,0.3461
13/02/1995,19/02/1995,0.3253,0.3328,0.3074,0.3339
06/02/1995,12/02/1995,0.3188,0.3255,0.3253,0.3269
30/01/1995,05/02/1995,0.3192,0.3236,0.3258,0.325
23/01/1995,29/01/1995,0.3239,0.3306,0.3231,0.3274
16/01/1995,22/01/1995,0.3303,0.3403,0.3103,0.3443
09/01/1995,15/01/1995,0.3694,0.3585,0.3124,0.3808
02/01/1995,08/01/1995,0.3806,0.4,0.3578,0.3869
26/12/1994,01/01/1995,0.3866,0.4025,0.3634,0.3925
19/12/1994,25/12/1994,0.3777,0.3894,0.3646,0.3773
12/12/1994,18/12/1994,0.3599,0.3803,0.3577,0.3755
05/12/1994,11/12/1994,0.3732,0.3748,0.3698,0.3776
28/11/1994,04/12/1994,0.3562,0.3786,0.3661,0.3709
21/11/1994,27/11/1994,0.3478,0.3595,0.3645,0.3552
14/11/1994,20/11/1994,0.3456,0.3685,0.3708,0.3547
07/11/1994,13/11/1994,0.339,0.3564,0.3665,0.348
31/10/1994,06/11/1994,0.324,0.3297,0.3557,0.3301
24/10/1994,30/10/1994,0.3262,0.3207,0.3548,0.3259
17/10/1994,23/10/1994,0.3103,0.3254,0.3275,0.3171
10/10/1994,16/10/1994,0.3055,0.3191,0.32,0.3095
03/10/1994,09/10/1994,0.3097,0.312,0.3152,0.3131
26/09/1994,02/10/1994,0.3069,0.314,0.3056,0.312
19/09/1994,25/09/1994,0.3113,0.3138,0.3382,0.3139
12/09/1994,18/09/1994,0.311,0.3141,0.322,0.3188
05/09/1994,11/09/1994,0.3178,0.3139,0.3173,0.3211
29/08/1994,04/09/1994,0.3113,0.3057,0.3306,0.324
22/08/1994,28/08/1994,0.2998,0.2995,0.3193,0.3135
15/08/1994,21/08/1994,0.2932,0.2873,0.316,0.2959
08/08/1994,14/08/1994,0.2884,0.2921,0.2898,0.2862
01/08/1994,07/08/1994,0.2848,0.2834,0.2979,0.2855
25/07/1994,31/07/1994,0.2922,0.2918,0.2876,0.2886
18/07/1994,24/07/1994,0.2992,0.2884,0.3252,0.2963
11/07/1994,17/07/1994,0.3083,0.2944,0.3218,0.3097
04/07/1994,10/07/1994,0.2902,0.2902,0.3225,0.2918
27/06/1994,03/07/1994,0.2774,0.2797,0.293,0.2726
20/06/1994,26/06/1994,0.2659,0.2678,0.2759,0.2678
13/06/1994,19/06/1994,0.2617,0.265,0.2791,0.2629
06/06/1994,12/06/1994,0.2565,0.2647,0.2751,0.2608
30/05/1994,05/06/1994,0.2622,0.2643,0.2747,0.2625
23/05/1994,29/05/1994,0.2645,0.2665,0.275,0.2616
16/05/1994,22/05/1994,0.2628,0.2655,0.2733,0.2611
09/05/1994,15/05/1994,0.2545,0.2594,0.2694,0.257
02/05/1994,08/05/1994,0.252,0.2574,0.2649,0.2532
25/04/1994,01/05/1994,0.2529,0.2543,0.2596,0.2519
18/04/1994,24/04/1994,0.2533,0.2588,0.2605,0.2532
11/04/1994,17/04/1994,0.251,0.2548,0.268,0.2484
04/04/1994,10/04/1994,0.2525,0.2562,0.2646,0.2508
28/03/1994,03/04/1994,0.2537,0.2602,0.2668,0.2515
21/03/1994,27/03/1994,0.2548,0.2603,0.2683,0.2534
14/03/1994,20/03/1994,0.254,0.2596,0.2621,0.2528
07/03/1994,13/03/1994,0.2532,0.2596,0.2689,0.2528
28/02/1994,06/03/1994,0.2523,0.2592,0.2684,0.2513
21/02/1994,27/02/1994,0.2525,0.2597,0.2686,0.2518
14/02/1994,20/02/1994,0.2522,0.2586,0.2629,0.2517
07/02/1994,13/02/1994,0.2526,0.2614,0.2643,0.2532
31/01/1994,06/02/1994,0.2537,0.2616,0.2687,0.2521
24/01/1994,30/01/1994,0.2576,0.2664,0.2685,0.2572
17/01/1994,23/01/1994,0.2668,0.2712,0.2747,0.2674
10/01/1994,16/01/1994,0.2716,0.2724,0.2577,0.2719
03/01/1994,09/01/1994,0.269,0.2711,0.2863,0.2733
27/12/1993,02/01/1994,0.2667,0.277,0.2767,0.2652
20/12/1993,26/12/1993,0.2588,0.2666,0.2719,0.2606
13/12/1993,19/12/1993,0.2563,0.2649,0.2738,0.2577
06/12/1993,12/12/1993,0.2559,0.2617,0.268,0.2577
29/11/1993,05/12/1993,0.2569,0.2618,0.271,0.2573
22/11/1993,28/11/1993,0.2533,0.2641,0.2734,0.2566
15/11/1993,21/11/1993,0.2527,0.2598,0.265,0.2527
08/11/1993,14/11/1993,0.2497,0.2578,0.266,0.2513
01/11/1993,07/11/1993,0.2501,0.2536,0.2627,0.2513
25/10/1993,31/10/1993,0.2509,0.2538,0.2625,0.2517
18/10/1993,24/10/1993,0.2455,0.2529,0.2631,0.248
11/10/1993,17/10/1993,0.2463,0.2528,0.265,0.2448
04/10/1993,10/10/1993,0.2448,0.25,0.2609,0.2418
27/09/1993,03/10/1993,0.2432,0.2484,0.2541,0.2403
20/09/1993,26/09/1993,0.2425,0.2492,0.2619,0.2403
13/09/1993,19/09/1993,0.2427,0.2511,0.2562,0.2406
06/09/1993,12/09/1993,0.2428,0.2486,0.2553,0.2412
30/08/1993,05/09/1993,0.2434,0.2504,0.2518,0.2431
23/08/1993,29/08/1993,0.2453,0.2515,0.2588,0.2478
16/08/1993,22/08/1993,0.246,0.2523,0.2643,0.2463
09/08/1993,15/08/1993,0.2422,0.2561,0.2649,0.2523
02/08/1993,08/08/1993,0.2537,0.2629,0.2654,0.2549
26/07/1993,01/08/1993,0.2595,0.2618,0.2734,0.2629
19/07/1993,25/07/1993,0.2577,0.2645,0.2718,0.261
12/07/1993,18/07/1993,0.2599,0.2649,0.268,0.2646
05/07/1993,11/07/1993,0.2641,0,0,0.2623
28/06/1993,04/07/1993,0.2647,0,0,0.2633
21/06/1993,27/06/1993,0.2674,0,0,0.2652
14/06/1993,20/06/1993,0.2658,0,0,0.2605
07/06/1993,13/06/1993,0.2621,0,0,0.2587
31/05/1993,06/06/1993,0.2614,0,0,0.2585
24/05/1993,30/05/1993,0.2642,0,0,0.261
17/05/1993,23/05/1993,0.2645,0,0,0.2617
10/05/1993,16/05/1993,0.2639,0,0,0.2612
03/05/1993,09/05/1993,0.2658,0,0,0.2598
26/04/1993,02/05/1993,0.2696,0,0,0.2708
19/04/1993,25/04/1993,0.2682,0,0,0.2631
12/04/1993,18/04/1993,0.269,0,0,0.2678
05/04/1993,11/04/1993,0.2704,0,0,0.2629
29/03/1993,04/04/1993,0.269,0,0,0.2602
22/03/1993,28/03/1993,0.2684,0,0,0.2627
15/03/1993,21/03/1993,0.2658,0,0,0.2607
08/03/1993,14/03/1993,0.2649,0,0,0.259
01/03/1993,07/03/1993,0.2645,0,0,0.2582
22/02/1993,28/02/1993,0.2629,0,0,0.2586
15/02/1993,21/02/1993,0.2585,0,0,0.2543
08/02/1993,14/02/1993,0.2574,0,0,0.2565
01/02/1993,07/02/1993,0.2595,0,0,0.2575
25/01/1993,31/01/1993,0.2618,0,0,0.2591
18/01/1993,24/01/1993,0.2686,0,0,0.27
11/01/1993,17/01/1993,0.2754,0,0,0.2792
04/01/1993,10/01/1993,0.2767,0,0,0.2785
28/12/1992,03/01/1993,0.2767,0,0,0.2766
21/12/1992,27/12/1992,0.2712,0,0,0.2723
14/12/1992,20/12/1992,0.2704,0,0,0.2719
07/12/1992,13/12/1992,0.2697,0,0,0.2708
30/11/1992,06/12/1992,0.2673,0,0,0.2697
23/11/1992,29/11/1992,0.2692,0,0,0.2719
16/11/1992,22/11/1992,0.2694,0,0,0.2746
09/11/1992,15/11/1992,0.2724,0,0,0.2765
02/11/1992,08/11/1992,0.2736,0,0,0.2761
26/10/1992,01/11/1992,0.2814,0,0,0.2804
19/10/1992,25/10/1992,0.2773,0,0,0.2767
12/10/1992,18/10/1992,0.272,0,0,0.2734
05/10/1992,11/10/1992,0.274,0,0,0.2747
28/09/1992,04/10/1992,0.2716,0,0,0.2754
21/09/1992,27/09/1992,0.2709,0,0,0.2719
14/09/1992,20/09/1992,0.2767,0,0,0.2732
07/09/1992,13/09/1992,0.2736,0,0,0.2713
31/08/1992,06/09/1992,0.2603,0,0,0.2649
24/08/1992,30/08/1992,0.2432,0,0,0.2459
17/08/1992,23/08/1992,0.2307,0,0,0.2234
10/08/1992,16/08/1992,0.2231,0,0,0.2209
03/08/1992,09/08/1992,0.2198,0,0,0.2171
27/07/1992,02/08/1992,0.2152,0,0,0.2116
20/07/1992,26/07/1992,0.2183,0,0,0.2172
13/07/1992,19/07/1992,0.2185,0,0,0.2199
06/07/1992,12/07/1992,0.2225,0,0,0.2237
29/06/1992,05/07/1992,0.2264,0,0,0.2268
22/06/1992,28/06/1992,0.2305,0,0,0.2328
15/06/1992,21/06/1992,0.2303,0,0,0.2354
08/06/1992,14/06/1992,0.235,0,0,0.2431
01/06/1992,07/06/1992,0.2394,0,0,0.2488
25/05/1992,31/05/1992,0.2418,0,0,0.2554
18/05/1992,24/05/1992,0.251,0,0,0.2618
11/05/1992,17/05/1992,0.2593,0,0,0.2672
04/05/1992,10/05/1992,0.2665,0,0,0.2681
27/04/1992,03/05/1992,0.263,0,0,0.2728
20/04/1992,26/04/1992,0.2712,0,0,0.2777
13/04/1992,19/04/1992,0.2769,0,0,0.2811
06/04/1992,12/04/1992,0.2792,0,0,0.2836
30/03/1992,05/04/1992,0.284,0,0,0.2855
23/03/1992,29/03/1992,0.2819,0,0,0.2849
16/03/1992,22/03/1992,0.2856,0,0,0.2867
09/03/1992,15/03/1992,0.2886,0,0,0.2899
02/03/1992,08/03/1992,0.289,0,0,0.2945
24/02/1992,01/03/1992,0.2825,0,0,0.2867
17/02/1992,23/02/1992,0.2875,0,0,0.301
10/02/1992,16/02/1992,0.299,0,0,0.3079
03/02/1992,09/02/1992,0.3125,0,0,0.3318
27/01/1992,02/02/1992,0.3427,0,0,0.3487
20/01/1992,26/01/1992,0.3598,0,0,0.3682
13/01/1992,19/01/1992,0.3656,0,0,0.3714
06/01/1992,12/01/1992,0.3658,0,0,0.3732
30/12/1991,05/01/1992,0.3699,0,0,0.3757
23/12/1991,29/12/1991,0.3786,0,0,0.3844
16/12/1991,22/12/1991,0.3807,0,0,0.3882
09/12/1991,15/12/1991,0.3823,0,0,0.388
02/12/1991,08/12/1991,0.3793,0,0,0.3889
25/11/1991,01/12/1991,0.3763,0,0,0.3876
18/11/1991,24/11/1991,0.3787,0,0,0.3906
11/11/1991,17/11/1991,0.3802,0,0,0.3901
04/11/1991,10/11/1991,0.3787,0,0,0.3898
28/10/1991,03/11/1991,0.3816,0,0,0.3944
21/10/1991,27/10/1991,0.3829,0,0,0.3906
14/10/1991,20/10/1991,0.3892,0,0,0.4011
07/10/1991,13/10/1991,0.396,0,0,0.4046
30/09/1991,06/10/1991,0.3912,0,0,0.4059
23/09/1991,29/09/1991,0.3942,0,0,0.4024
16/09/1991,22/09/1991,0.3916,0,0,0.4023
09/09/1991,15/09/1991,0.3843,0,0,0.4029
02/09/1991,08/09/1991,0.381,0,0,0.4026
26/08/1991,01/09/1991,0.3796,0,0,0.3924
19/08/1991,25/08/1991,0.3789,0,0,0.4
12/08/1991,18/08/1991,0.3796,0,0,0.4
05/08/1991,11/08/1991,0.3725,0,0,0.4066
29/07/1991,04/08/1991,0.3751,0,0,0.3994
22/07/1991,28/07/1991,0.3728,0,0,0.4023
15/07/1991,21/07/1991,0.3756,0,0,0.4041
08/07/1991,14/07/1991,0.3705,0,0,0.3939
01/07/1991,07/07/1991,0.3655,0,0,0.3879
24/06/1991,30/06/1991,0.3511,0,0,0.3781
17/06/1991,23/06/1991,0.3561,0,0,0.3759
10/06/1991,16/06/1991,0.3581,0,0,0.3751
03/06/1991,09/06/1991,0.3689,0,0,0.3742
27/05/1991,02/06/1991,0.3696,0,0,0.3838
20/05/1991,26/05/1991,0.3766,0,0,0.3907
13/05/1991,19/05/1991,0.3829,0,0,0.3944
06/05/1991,12/05/1991,0.3816,0,0,0.405
29/04/1991,05/05/1991,0.3798,0,0,0.4118
22/04/1991,28/04/1991,0.3766,0,0,0.4082
15/04/1991,21/04/1991,0.3707,0,0,0.4112
08/04/1991,14/04/1991,0.3786,0,0,0.3941
01/04/1991,07/04/1991,0.3705,0,0,0.3985
25/03/1991,31/03/1991,0.3579,0,0,0.3924
18/03/1991,24/03/1991,0.3494,0,0,0.3772
11/03/1991,17/03/1991,0.345,0,0,0.3707
04/03/1991,10/03/1991,0.3511,0,0,0.3667
25/02/1991,03/03/1991,0.3503,0,0,0.3661
18/02/1991,24/02/1991,0.3522,0,0,0.3648
11/02/1991,17/02/1991,0.3342,0,0,0.3661
04/02/1991,10/02/1991,0.3385,0,0,0.3651
28/01/1991,03/02/1991,0.3714,0,0,0.3592
21/01/1991,27/01/1991,0.3858,0,0,0.407
14/01/1991,20/01/1991,0.3864,0,0,0.4302
07/01/1991,13/01/1991,0.3889,0,0,0.4184
31/12/1990,06/01/1991,0.3805,0,0,0.4209
24/12/1990,30/12/1990,0.3813,0,0,0.4132
17/12/1990,23/12/1990,0.378,0,0,0.4032
10/12/1990,16/12/1990,0.3745,0,0,0.4009
03/12/1990,09/12/1990,0.3722,0,0,0.3968
26/11/1990,02/12/1990,0.3744,0,0,0.3966
19/11/1990,25/11/1990,0.3834,0,0,0.3948
12/11/1990,18/11/1990,0.3819,0,0,0.4001
05/11/1990,11/11/1990,0.3792,0,0,0.3997
29/10/1990,04/11/1990,0.3798,0,0,0.3997
22/10/1990,28/10/1990,0.3766,0,0,0.4014
15/10/1990,21/10/1990,0.381,0,0,0.3994
08/10/1990,14/10/1990,0.378,0,0,0.3988
01/10/1990,07/10/1990,0.3739,0,0,0.4015
24/09/1990,30/09/1990,0.3696,0,0,0.395
17/09/1990,23/09/1990,0.3745,0,0,0.3903
10/09/1990,16/09/1990,0.3689,0,0,0.3938
03/09/1990,09/09/1990,0.3708,0,0,0.3871
27/08/1990,02/09/1990,0.3679,0,0,0.391
20/08/1990,26/08/1990,0.3732,0,0,0.3892
13/08/1990,19/08/1990,0.3828,0,0,0.3912
06/08/1990,12/08/1990,0.3796,0,0,0.4033
30/07/1990,05/08/1990,0.3698,0,0,0.4075
23/07/1990,29/07/1990,0.3705,0,0,0.3997
16/07/1990,22/07/1990,0.368,0,0,0.3939
09/07/1990,15/07/1990,0.3641,0,0,0.3849
02/07/1990,08/07/1990,0.3612,0,0,0.3844
25/06/1990,01/07/1990,0.3595,0,0,0.3808
18/06/1990,24/06/1990,0.3582,0,0,0.3807
11/06/1990,17/06/1990,0.3596,0,0,0.379
04/06/1990,10/06/1990,0.3611,0,0,0.3786
28/05/1990,03/06/1990,0.3543,0,0,0.3781
21/05/1990,27/05/1990,0.3548,0,0,0.3726
14/05/1990,20/05/1990,0.3572,0,0,0.3737
07/05/1990,13/05/1990,0.3585,0,0,0.3769
30/04/1990,06/05/1990,0.3549,0,0,0.3768
23/04/1990,29/04/1990,0.3586,0,0,0.3801
16/04/1990,22/04/1990,0.3541,0,0,0.3829
09/04/1990,15/04/1990,0.3484,0,0,0.3745
02/04/1990,08/04/1990,0.3473,0,0,0.3686
26/03/1990,01/04/1990,0.3412,0,0,0.3654
19/03/1990,25/03/1990,0.3422,0,0,0.3595
12/03/1990,18/03/1990,0.3429,0,0,0.3577
05/03/1990,11/03/1990,0.3406,0,0,0.3551
26/02/1990,04/03/1990,0.3416,0,0,0.3552
19/02/1990,25/02/1990,0.3407,0,0,0.3453
12/02/1990,18/02/1990,0.3407,0,0,0.3471
05/02/1990,11/02/1990,0.3411,0,0,0.35
29/01/1990,04/02/1990,0.3443,0,0,0.3548
22/01/1990,28/01/1990,0.3486,0,0,0.3624
15/01/1990,21/01/1990,0.3511,0,0,0.3747
08/01/1990,14/01/1990,0.3547,0,0,0.3775
01/01/1990,07/01/1990,0.3487,0,0,0.3757
25/12/1989,31/12/1989,0.3457,0,0,0.3713
18/12/1989,24/12/1989,0.3455,0,0,0.3711
11/12/1989,17/12/1989,0.3471,0,0,0.3717
04/12/1989,10/12/1989,0.3462,0,0,0.3708
27/11/1989,03/12/1989,0.3472,0,0,0.3689
20/11/1989,26/11/1989,0.3445,0,0,0.3645
13/11/1989,19/11/1989,0.3492,0,0,0.363
06/11/1989,12/11/1989,0.3392,0,0,0.3592
30/10/1989,05/11/1989,0.3371,0,0,0.3568
23/10/1989,29/10/1989,0.3379,0,0,0.3535
16/10/1989,22/10/1989,0.3349,0,0,0.3517
09/10/1989,15/10/1989,0.339,0,0,0.3466
02/10/1989,08/10/1989,0.3347,0,0,0.3471
25/09/1989,01/10/1989,0.3335,0,0,0.3459
18/09/1989,24/09/1989,0.3386,0,0,0.3484
11/09/1989,17/09/1989,0.3388,0,0,0.3535
04/09/1989,10/09/1989,0.3393,0,0,0.3557
28/08/1989,03/09/1989,0.3407,0,0,0.3552
21/08/1989,27/08/1989,0.341,0,0,0.3571
14/08/1989,20/08/1989,0.3414,0,0,0.3562
07/08/1989,13/08/1989,0.3407,0,0,0.3567
31/07/1989,06/08/1989,0.337,0,0,0.3555
24/07/1989,30/07/1989,0.3371,0,0,0.3574
17/07/1989,23/07/1989,0.3409,0,0,0.3567
10/07/1989,16/07/1989,0.3378,0,0,0.3564
03/07/1989,09/07/1989,0.3376,0,0,0.3532
26/06/1989,02/07/1989,0.3376,0,0,0.3535
19/06/1989,25/06/1989,0.3405,0,0,0.3533
12/06/1989,18/06/1989,0.3321,0,0,0.354
05/06/1989,11/06/1989,0.3391,0,0,0.3543
29/05/1989,04/06/1989,0.3381,0,0,0.3522
22/05/1989,28/05/1989,0.3385,0,0,0.3522
15/05/1989,21/05/1989,0.3402,0,0,0.3523
08/05/1989,14/05/1989,0.3373,0,0,0.3523
01/05/1989,07/05/1989,0.3358,0,0,0.3538
24/04/1989,30/04/1989,0.3345,0,0,0.3519
17/04/1989,23/04/1989,0.3369,0,0,0.3487
10/04/1989,16/04/1989,0.3309,0,0,0.3447
03/04/1989,09/04/1989,0.3308,0,0,0.3397
27/03/1989,02/04/1989,0.3301,0,0,0.339
20/03/1989,26/03/1989,0.3319,0,0,0.3414
13/03/1989,19/03/1989,0.3322,0,0,0.3423
06/03/1989,12/03/1989,0.3294,0,0,0.3393
27/02/1989,05/03/1989,0.3306,0,0,0.3355
20/02/1989,26/02/1989,0.3264,0,0,0.3264
13/02/1989,19/02/1989,0.3272,0,0,0.3315
06/02/1989,12/02/1989,0.323,0,0,0.3304
30/01/1989,05/02/1989,0.3215,0,0,0.3305
23/01/1989,29/01/1989,0.3214,0,0,0.3304
16/01/1989,22/01/1989,0.3237,0,0,0.3298
09/01/1989,15/01/1989,0.3227,0,0,0.3305
02/01/1989,08/01/1989,0.3247,0,0,0.3304
26/12/1988,01/01/1989,0.3207,0,0,0.3304
19/12/1988,25/12/1988,0.3213,0,0,0.3304
12/12/1988,18/12/1988,0.3205,0,0,0.3302
05/12/1988,11/12/1988,0.3237,0,0,0.3291
28/11/1988,04/12/1988,0.3228,0,0,0.3304
21/11/1988,27/11/1988,0.3222,0,0,0.3299
14/11/1988,20/11/1988,0.3222,0,0,0.3288
07/11/1988,13/11/1988,0.3215,0,0,0.3309
31/10/1988,06/11/1988,0.3091,0,0,0.3331
24/10/1988,30/10/1988,0.3204,0,0,0.3319
17/10/1988,23/10/1988,0.321,0,0,0.3309
10/10/1988,16/10/1988,0.3222,0,0,0.3301
03/10/1988,09/10/1988,0.3237,0,0,0.3306
26/09/1988,02/10/1988,0.3227,0,0,0.3308
19/09/1988,25/09/1988,0.3203,0,0,0.3319
12/09/1988,18/09/1988,0.3571,0,0,0.3384
05/09/1988,11/09/1988,0.3581,0,0,0.3726
29/08/1988,04/09/1988,0.3418,0,0,0.3738
22/08/1988,28/08/1988,0.3527,0,0,0.3756
15/08/1988,21/08/1988,0.3557,0,0,0.3729
08/08/1988,14/08/1988,0.3532,0,0,0.3674
01/08/1988,07/08/1988,0.3505,0,0,0.3682
25/07/1988,31/07/1988,0.3478,0,0,0.3671
18/07/1988,24/07/1988,0.3542,0,0,0.3689
11/07/1988,17/07/1988,0.3482,0,0,0.3696
04/07/1988,10/07/1988,0.3682,0,0,0.3682
27/06/1988,03/07/1988,0.3651,0,0,0.3651
20/06/1988,26/06/1988,0.3642,0,0,0.3642
13/06/1988,19/06/1988,0.3618,0,0,0.3618
06/06/1988,12/06/1988,0.3645,0,0,0.3645
30/05/1988,05/06/1988,0.3648,0,0,0.3648
23/05/1988,29/05/1988,0.3661,0,0,0.3661
16/05/1988,22/05/1988,0.367,0,0,0.367
09/05/1988,15/05/1988,0.364,0,0,0.364
02/05/1988,08/05/1988,0.3658,0,0,0.3658
25/04/1988,01/05/1988,0.3634,0,0,0.3634
18/04/1988,24/04/1988,0.3654,0,0,0.3654
11/04/1988,17/04/1988,0.3558,0,0,0.3558
04/04/1988,10/04/1988,0.354,0,0,0.354
28/03/1988,03/04/1988,0.3511,0,0,0.3511
21/03/1988,27/03/1988,0.3437,0,0,0.3437
14/03/1988,20/03/1988,0.3408,0,0,0.3408
07/03/1988,13/03/1988,0.3369,0,0,0.3369
29/02/1988,06/03/1988,0.3354,0,0,0.3354
22/02/1988,28/02/1988,0.3335,0,0,0.3335
15/02/1988,21/02/1988,0.3347,0,0,0.3347
08/02/1988,14/02/1988,0.3316,0,0,0.3316
01/02/1988,07/02/1988,0.3278,0,0,0.3278
25/01/1988,31/01/1988,0.3269,0,0,0.3269
18/01/1988,24/01/1988,0.3335,0,0,0.3335
11/01/1988,17/01/1988,0.3397,0,0,0.3397
04/01/1988,10/01/1988,0.3459,0,0,0.3459
28/12/1987,03/01/1988,0.3514,0,0,0.3514
21/12/1987,27/12/1987,0.3433,0,0,0.3433
14/12/1987,20/12/1987,0.3445,0,0,0.3445
07/12/1987,13/12/1987,0.341,0,0,0.341
30/11/1987,06/12/1987,0.3325,0,0,0.3325
23/11/1987,29/11/1987,0.3332,0,0,0.3332
16/11/1987,22/11/1987,0.3299,0,0,0.3299
09/11/1987,15/11/1987,0.3252,0,0,0.3252
02/11/1987,08/11/1987,0.3183,0,0,0.3183
26/10/1987,01/11/1987,0.3146,0,0,0.3146
19/10/1987,25/10/1987,0.3148,0,0,0.3148
12/10/1987,18/10/1987,0.3131,0,0,0.3131
05/10/1987,11/10/1987,0.3121,0,0,0.3121
28/09/1987,04/10/1987,0.3108,0,0,0.3108
21/09/1987,27/09/1987,0.3119,0,0,0.3119
14/09/1987,20/09/1987,0.3096,0,0,0.3096
07/09/1987,13/09/1987,0.31,0,0,0.31
31/08/1987,06/09/1987,0.3108,0,0,0.3108
24/08/1987,30/08/1987,0.3119,0,0,0.3119
17/08/1987,23/08/1987,0.3131,0,0,0.3131
10/08/1987,16/08/1987,0.3124,0,0,0.3124
03/08/1987,09/08/1987,0.3107,0,0,0.3107
27/07/1987,02/08/1987,0.3087,0,0,0.3087
20/07/1987,26/07/1987,0.3075,0,0,0.3075
13/07/1987,19/07/1987,0.3086,0,0,0.3086
06/07/1987,12/07/1987,0.3072,0,0,0.3072
29/06/1987,05/07/1987,0.3056,0,0,0.3056
22/06/1987,28/06/1987,0.3058,0,0,0.3058
15/06/1987,21/06/1987,0.3052,0,0,0.3052
08/06/1987,14/06/1987,0.3083,0,0,0.3083
01/06/1987,07/06/1987,0.3082,0,0,0.3082
25/05/1987,31/05/1987,0.3097,0,0,0.3097
18/05/1987,24/05/1987,0.3091,0,0,0.3091
11/05/1987,17/05/1987,0.3089,0,0,0.3089
04/05/1987,10/05/1987,0.3087,0,0,0.3087
27/04/1987,03/05/1987,0.3075,0,0,0.3075
20/04/1987,26/04/1987,0.3062,0,0,0.3062
13/04/1987,19/04/1987,0.3087,0,0,0.3087
06/04/1987,12/04/1987,0.304,0,0,0.304
30/03/1987,05/04/1987,0.3051,0,0,0.3051
23/03/1987,29/03/1987,0.3031,0,0,0.3031
16/03/1987,22/03/1987,0.3056,0,0,0.3056
09/03/1987,15/03/1987,0.3059,0,0,0.3059
02/03/1987,08/03/1987,0.3059,0,0,0.3059
23/02/1987,01/03/1987,0.3052,0,0,0.3052
16/02/1987,22/02/1987,0.3066,0,0,0.3066
09/02/1987,15/02/1987,0.3138,0,0,0.3138
02/02/1987,08/02/1987,0.316,0,0,0.316
26/01/1987,01/02/1987,0.3203,0,0,0.3203
19/01/1987,25/01/1987,0.3282,0,0,0.3282
12/01/1987,18/01/1987,0.3275,0,0,0.3275
05/01/1987,11/01/1987,0.3328,0,0,0.3328
29/12/1986,04/01/1987,0.3342,0,0,0.3342
22/12/1986,28/12/1986,0.3332,0,0,0.3332
15/12/1986,21/12/1986,0.3352,0,0,0.3352
08/12/1986,14/12/1986,0.3315,0,0,0.3315
01/12/1986,07/12/1986,0.3252,0,0,0.3252
24/11/1986,30/11/1986,0.3254,0,0,0.3254
17/11/1986,23/11/1986,0.3225,0,0,0.3225
10/11/1986,16/11/1986,0.3203,0,0,0.3203
03/11/1986,09/11/1986,0.3177,0,0,0.3177
27/10/1986,02/11/1986,0.315,0,0,0.315
20/10/1986,26/10/1986,0.3139,0,0,0.3139
13/10/1986,19/10/1986,0.3129,0,0,0.3129
06/10/1986,12/10/1986,0.3122,0,0,0.3122
29/09/1986,05/10/1986,0.3119,0,0,0.3119
22/09/1986,28/09/1986,0.3139,0,0,0.3139
15/09/1986,21/09/1986,0.3152,0,0,0.3152
08/09/1986,14/09/1986,0.3183,0,0,0.3183
01/09/1986,07/09/1986,0.3139,0,0,0.3139
25/08/1986,31/08/1986,0.3149,0,0,0.3149
18/08/1986,24/08/1986,0.3155,0,0,0.3155
11/08/1986,17/08/1986,0.3177,0,0,0.3177
04/08/1986,10/08/1986,0.3179,0,0,0.3179
28/07/1986,03/08/1986,0.3186,0,0,0.3186
21/07/1986,27/07/1986,0.3159,0,0,0.3159
14/07/1986,20/07/1986,0.3089,0,0,0.3089
07/07/1986,13/07/1986,0.3068,0,0,0.3068
30/06/1986,06/07/1986,0.3065,0,0,0.3065
23/06/1986,29/06/1986,0.3061,0,0,0.3061
16/06/1986,22/06/1986,0.3076,0,0,0.3076
09/06/1986,15/06/1986,0.307,0,0,0.307
02/06/1986,08/06/1986,0.3049,0,0,0.3049
26/05/1986,01/06/1986,0.3059,0,0,0.3059
19/05/1986,25/05/1986,0.3055,0,0,0.3055
12/05/1986,18/05/1986,0.3049,0,0,0.3049
05/05/1986,11/05/1986,0.3033,0,0,0.3033
28/04/1986,04/05/1986,0.3052,0,0,0.3052
21/04/1986,27/04/1986,0.3049,0,0,0.3049
14/04/1986,20/04/1986,0.3056,0,0,0.3056
07/04/1986,13/04/1986,0.3054,0,0,0.3054
31/03/1986,06/04/1986,0.303,0,0,0.303
24/03/1986,30/03/1986,0.3058,0,0,0.3058
17/03/1986,23/03/1986,0.3061,0,0,0.3061
10/03/1986,16/03/1986,0.3061,0,0,0.3061
03/03/1986,09/03/1986,0.3062,0,0,0.3062
24/02/1986,02/03/1986,0.3068,0,0,0.3068
17/02/1986,23/02/1986,0.3072,0,0,0.3072
10/02/1986,16/02/1986,0.3132,0,0,0.3132
03/02/1986,09/02/1986,0.3495,0,0,0.3495
27/01/1986,02/02/1986,0.3636,0,0,0.3636
20/01/1986,26/01/1986,0.363,0,0,0.363
13/01/1986,19/01/1986,0.3599,0,0,0.3599
06/01/1986,12/01/1986,0.3661,0,0,0.3661
30/12/1985,05/01/1986,0.3631,0,0,0.3631
23/12/1985,29/12/1985,0.3649,0,0,0.3649
16/12/1985,22/12/1985,0.3662,0,0,0.3662
09/12/1985,15/12/1985,0.3646,0,0,0.3646
02/12/1985,08/12/1985,0.3643,0,0,0.3643
25/11/1985,01/12/1985,0.3649,0,0,0.3649
18/11/1985,24/11/1985,0.3589,0,0,0.3589
11/11/1985,17/11/1985,0.3686,0,0,0.3686
04/11/1985,10/11/1985,0.3671,0,0,0.3671
28/10/1985,03/11/1985,0.3665,0,0,0.3665
21/10/1985,27/10/1985,0.3637,0,0,0.3637
14/10/1985,20/10/1985,0.3682,0,0,0.3682
07/10/1985,13/10/1985,0.3677,0,0,0.3677
30/09/1985,06/10/1985,0.3661,0,0,0.3661
23/09/1985,29/09/1985,0.3626,0,0,0.3626
16/09/1985,22/09/1985,0.364,0,0,0.364
09/09/1985,15/09/1985,0.3662,0,0,0.3662
02/09/1985,08/09/1985,0.3611,0,0,0.3611
26/08/1985,01/09/1985,0.3631,0,0,0.3631
19/08/1985,25/08/1985,0.3627,0,0,0.3627
12/08/1985,18/08/1985,0.3668,0,0,0.3668
05/08/1985,11/08/1985,0.3624,0,0,0.3624
29/07/1985,04/08/1985,0.3633,0,0,0.3633
22/07/1985,28/07/1985,0.3628,0,0,0.3628
15/07/1985,21/07/1985,0.3612,0,0,0.3612
08/07/1985,14/07/1985,0.3686,0,0,0.3686
01/07/1985,07/07/1985,0.3645,0,0,0.3645
24/06/1985,30/06/1985,0.3624,0,0,0.3624
17/06/1985,23/06/1985,0.362,0,0,0.362
10/06/1985,16/06/1985,0.3651,0,0,0.3651
03/06/1985,09/06/1985,0.3642,0,0,0.3642
27/05/1985,02/06/1985,0.3623,0,0,0.3623
20/05/1985,26/05/1985,0.3601,0,0,0.3601
13/05/1985,19/05/1985,0.359,0,0,0.359
06/05/1985,12/05/1985,0.3581,0,0,0.3581
29/04/1985,05/05/1985,0.3586,0,0,0.3586
22/04/1985,28/04/1985,0.3573,0,0,0.3573
15/04/1985,21/04/1985,0.3552,0,0,0.3552
08/04/1985,14/04/1985,0.3618,0,0,0.3618
01/04/1985,07/04/1985,0.3583,0,0,0.3583
25/03/1985,31/03/1985,0.358,0,0,0.358
18/03/1985,24/03/1985,0.3573,0,0,0.3573
11/03/1985,17/03/1985,0.3603,0,0,0.3603
04/03/1985,10/03/1985,0.3567,0,0,0.3567
25/02/1985,03/03/1985,0.3596,0,0,0.3596
18/02/1985,24/02/1985,0.3601,0,0,0.3601
11/02/1985,17/02/1985,0.3587,0,0,0.3587
04/02/1985,10/02/1985,0.3598,0,0,0.3598
28/01/1985,03/02/1985,0.3631,0,0,0.3631
21/01/1985,27/01/1985,0.3634,0,0,0.3634
14/01/1985,20/01/1985,0.3643,0,0,0.3643
07/01/1985,13/01/1985,0.3662,0,0,0.3662
31/12/1984,06/01/1985,0.3626,0,0,0.3626
24/12/1984,30/12/1984,0.3612,0,0,0.3612
17/12/1984,23/12/1984,0.3601,0,0,0.3601
10/12/1984,16/12/1984,0.3634,0,0,0.3634
03/12/1984,09/12/1984,0.3614,0,0,0.3614
26/11/1984,02/12/1984,0.3615,0,0,0.3615
19/11/1984,25/11/1984,0.3589,0,0,0.3589
12/11/1984,18/11/1984,0.3596,0,0,0.3596
05/11/1984,11/11/1984,0.3586,0,0,0.3586
29/10/1984,04/11/1984,0.3598,0,0,0.3598
22/10/1984,28/10/1984,0.3614,0,0,0.3614
15/10/1984,21/10/1984,0.3576,0,0,0.3576
08/10/1984,14/10/1984,0.3621,0,0,0.3621
01/10/1984,07/10/1984,0.3649,0,0,0.3649
24/09/1984,30/09/1984,0.3568,0,0,0.3568
17/09/1984,23/09/1984,0.3627,0,0,0.3627
10/09/1984,16/09/1984,0.3596,0,0,0.3596
03/09/1984,09/09/1984,0.3608,0,0,0.3608
27/08/1984,02/09/1984,0.3598,0,0,0.3598
20/08/1984,26/08/1984,0.3615,0,0,0.3615
13/08/1984,19/08/1984,0.3643,0,0,0.3643
06/08/1984,12/08/1984,0.3602,0,0,0.3602
30/07/1984,05/08/1984,0.3605,0,0,0.3605
23/07/1984,29/07/1984,0.359,0,0,0.359
16/07/1984,22/07/1984,0.3592,0,0,0.3592
09/07/1984,15/07/1984,0.3599,0,0,0.3599
02/07/1984,08/07/1984,0.3577,0,0,0.3577
25/06/1984,01/07/1984,0.3568,0,0,0.3568
18/06/1984,24/06/1984,0.3557,0,0,0.3557
11/06/1984,17/06/1984,0.3548,0,0,0.3548
04/06/1984,10/06/1984,0.3586,0,0,0.3586
28/05/1984,03/06/1984,0.3562,0,0,0.3562
21/05/1984,27/05/1984,0.3542,0,0,0.3542
14/05/1984,20/05/1984,0.3567,0,0,0.3567
07/05/1984,13/05/1984,0.3526,0,0,0.3526
30/04/1984,06/05/1984,0.3558,0,0,0.3558
23/04/1984,29/04/1984,0.3545,0,0,0.3545
16/04/1984,22/04/1984,0.353,0,0,0.353
09/04/1984,15/04/1984,0.3554,0,0,0.3554
02/04/1984,08/04/1984,0.3552,0,0,0.3552
26/03/1984,01/04/1984,0.3513,0,0,0.3513
19/03/1984,25/03/1984,0.3516,0,0,0.3516
12/03/1984,18/03/1984,0.354,0,0,0.354
05/03/1984,11/03/1984,0.3545,0,0,0.3545
27/02/1984,04/03/1984,0.3557,0,0,0.3557
20/02/1984,26/02/1984,0.358,0,0,0.358
13/02/1984,19/02/1984,0.359,0,0,0.359
06/02/1984,12/02/1984,0.3584,0,0,0.3584
30/01/1984,05/02/1984,0.3595,0,0,0.3595
23/01/1984,29/01/1984,0.3621,0,0,0.3621
16/01/1984,22/01/1984,0.3645,0,0,0.3645
