Fecha (dd/mm/aaaa),IB1
24/03/2022,0.04955
23/03/2022,0.04912
22/03/2022,0.04895
18/03/2022,0.04755
17/03/2022,0.04681
16/03/2022,0.04578
15/03/2022,0.04546
14/03/2022,0.04571
11/03/2022,0.04517
10/03/2022,0.04453
09/03/2022,0.04284
08/03/2022,0.04205
07/03/2022,0.04159
04/03/2022,0.0415
03/03/2022,0.04023
02/03/2022,0.0395
01/03/2022,0.03941
28/02/2022,0.03976
25/02/2022,0.04
24/02/2022,0.04
23/02/2022,0.03963
22/02/2022,0.03956
21/02/2022,0.0392
18/02/2022,0.0395
17/02/2022,0.03931
16/02/2022,0.03911
15/02/2022,0.0396
14/02/2022,0.0396
11/02/2022,0.03986
10/02/2022,0.04166
09/02/2022,0.0405
08/02/2022,0.04001
07/02/2022,0.0394
04/02/2022,0.03881
03/02/2022,0.03881
02/02/2022,0.03873
01/02/2022,0.03879
31/01/2022,0.03878
28/01/2022,0.03748
27/01/2022,0.03766
26/01/2022,0.03643
25/01/2022,0.03596
24/01/2022,0.03566
21/01/2022,0.03526
20/01/2022,0.03481
19/01/2022,0.03421
18/01/2022,0.03388
17/01/2022,0.03345
14/01/2022,0.03319
13/01/2022,0.033
12/01/2022,0.03275
11/01/2022,0.03272
07/01/2022,0.03193
06/01/2022,0.03128
05/01/2022,0.0308
04/01/2022,0.03053
03/01/2022,0.03003
30/12/2021,0.02966
29/12/2021,0.02937
28/12/2021,0.02914
27/12/2021,0.02913
24/12/2021,0.02913
23/12/2021,0.0291
22/12/2021,0.02906
21/12/2021,0.02923
20/12/2021,0.0294
17/12/2021,0.03043
16/12/2021,0.03016
15/12/2021,0.0297
14/12/2021,0.02935
13/12/2021,0.02878
10/12/2021,0.02862
09/12/2021,0.02838
07/12/2021,0.0284
06/12/2021,0.02781
03/12/2021,0.0272
02/12/2021,0.02701
01/12/2021,0.02652
30/11/2021,0.02604
29/11/2021,0.02573
26/11/2021,0.02558
25/11/2021,0.02546
24/11/2021,0.0254
23/11/2021,0.02532
22/11/2021,0.0251
19/11/2021,0.02505
18/11/2021,0.025
17/11/2021,0.025
16/11/2021,0.02491
12/11/2021,0.0248
11/11/2021,0.0248
10/11/2021,0.02478
09/11/2021,0.02458
08/11/2021,0.02459
05/11/2021,0.02463
04/11/2021,0.02468
03/11/2021,0.0247
02/11/2021,0.0248
29/10/2021,0.02365
28/10/2021,0.02305
27/10/2021,0.02288
26/10/2021,0.0228
25/10/2021,0.02255
22/10/2021,0.02252
21/10/2021,0.02216
20/10/2021,0.02193
19/10/2021,0.022
15/10/2021,0.022
14/10/2021,0.0219
13/10/2021,0.02163
12/10/2021,0.0215
11/10/2021,0.02103
08/10/2021,0.02053
07/10/2021,0.02048
06/10/2021,0.0206
05/10/2021,0.02039
04/10/2021,0.0203
01/10/2021,0.0201
30/09/2021,0.02035
29/09/2021,0.02043
28/09/2021,0.0205
27/09/2021,0.02025
24/09/2021,0.01996
23/09/2021,0.01988
22/09/2021,0.01933
21/09/2021,0.01907
20/09/2021,0.01879
17/09/2021,0.0187
16/09/2021,0.01876
15/09/2021,0.01863
14/09/2021,0.01863
13/09/2021,0.0185
10/09/2021,0.01865
09/09/2021,0.01872
08/09/2021,0.01831
07/09/2021,0.01796
06/09/2021,0.0177
03/09/2021,0.0177
02/09/2021,0.0177
01/09/2021,0.01748
31/08/2021,0.0174
30/08/2021,0.01738
27/08/2021,0.01735
26/08/2021,0.01732
25/08/2021,0.01738
24/08/2021,0.01738
23/08/2021,0.01743
20/08/2021,0.01729
19/08/2021,0.01733
18/08/2021,0.0173
17/08/2021,0.01723
13/08/2021,0.01724
12/08/2021,0.01725
11/08/2021,0.0173
10/08/2021,0.01738
09/08/2021,0.01733
06/08/2021,0.01733
05/08/2021,0.01715
04/08/2021,0.01718
03/08/2021,0.01714
02/08/2021,0.0172
30/07/2021,0.01713
29/07/2021,0.01712
28/07/2021,0.01713
27/07/2021,0.01709
26/07/2021,0.0171
23/07/2021,0.01709
22/07/2021,0.0171
21/07/2021,0.01709
19/07/2021,0.01712
16/07/2021,0.0171
15/07/2021,0.01713
14/07/2021,0.01714
13/07/2021,0.01711
12/07/2021,0.0171
09/07/2021,0.01713
08/07/2021,0.01714
07/07/2021,0.01716
06/07/2021,0.01715
02/07/2021,0.01723
01/07/2021,0.01718
30/06/2021,0.01718
29/06/2021,0.0172
28/06/2021,0.01739
25/06/2021,0.01745
24/06/2021,0.0174
23/06/2021,0.01735
22/06/2021,0.01731
21/06/2021,0.01733
18/06/2021,0.01718
17/06/2021,0.0172
16/06/2021,0.01715
15/06/2021,0.01715
11/06/2021,0.01714
10/06/2021,0.01712
09/06/2021,0.01712
08/06/2021,0.01715
04/06/2021,0.01715
03/06/2021,0.01718
02/06/2021,0.01715
01/06/2021,0.01718
31/05/2021,0.0172
28/05/2021,0.01718
27/05/2021,0.01719
26/05/2021,0.01719
25/05/2021,0.0172
24/05/2021,0.01724
21/05/2021,0.01721
20/05/2021,0.01718
19/05/2021,0.01717
18/05/2021,0.01711
14/05/2021,0.01711
13/05/2021,0.01712
12/05/2021,0.01712
11/05/2021,0.01712
10/05/2021,0.01714
07/05/2021,0.01714
06/05/2021,0.01714
05/05/2021,0.01714
04/05/2021,0.01714
03/05/2021,0.01711
30/04/2021,0.01706
29/04/2021,0.01701
28/04/2021,0.01712
27/04/2021,0.01711
26/04/2021,0.01711
23/04/2021,0.0171
22/04/2021,0.0171
21/04/2021,0.01708
20/04/2021,0.017
19/04/2021,0.01695
16/04/2021,0.01688
15/04/2021,0.01697
14/04/2021,0.017
13/04/2021,0.01707
12/04/2021,0.01708
09/04/2021,0.01705
08/04/2021,0.01698
07/04/2021,0.017
06/04/2021,0.017
05/04/2021,0.01703
31/03/2021,0.01704
30/03/2021,0.01709
29/03/2021,0.01712
26/03/2021,0.01708
25/03/2021,0.01713
24/03/2021,0.01708
23/03/2021,0.01703
19/03/2021,0.01707
18/03/2021,0.01705
17/03/2021,0.01699
16/03/2021,0.01699
15/03/2021,0.01709
12/03/2021,0.01713
11/03/2021,0.01713
10/03/2021,0.01706
09/03/2021,0.01713
08/03/2021,0.01706
05/03/2021,0.017
04/03/2021,0.01709
03/03/2021,0.0171
02/03/2021,0.0171
01/03/2021,0.01713
26/02/2021,0.01713
25/02/2021,0.01709
24/02/2021,0.01713
23/02/2021,0.0171
22/02/2021,0.01711
19/02/2021,0.01713
18/02/2021,0.01713
17/02/2021,0.01713
16/02/2021,0.01706
15/02/2021,0.01706
12/02/2021,0.01711
11/02/2021,0.01712
10/02/2021,0.01706
09/02/2021,0.01712
08/02/2021,0.01706
05/02/2021,0.01706
04/02/2021,0.01705
03/02/2021,0.01704
02/02/2021,0.01698
01/02/2021,0.017
29/01/2021,0.01686
28/01/2021,0.01683
27/01/2021,0.01678
26/01/2021,0.0167
25/01/2021,0.01658
22/01/2021,0.0166
21/01/2021,0.01658
20/01/2021,0.01668
19/01/2021,0.01692
18/01/2021,0.01697
15/01/2021,0.01698
14/01/2021,0.01698
13/01/2021,0.01698
12/01/2021,0.01701
08/01/2021,0.01698
07/01/2021,0.01695
06/01/2021,0.017
05/01/2021,0.01701
04/01/2021,0.01708
30/12/2020,0.01712
29/12/2020,0.01712
28/12/2020,0.01712
24/12/2020,0.01712
23/12/2020,0.01712
22/12/2020,0.01711
21/12/2020,0.01712
18/12/2020,0.01715
17/12/2020,0.01715
16/12/2020,0.01714
15/12/2020,0.01714
14/12/2020,0.01714
11/12/2020,0.01712
10/12/2020,0.01714
09/12/2020,0.01713
07/12/2020,0.01712
04/12/2020,0.01718
03/12/2020,0.01717
02/12/2020,0.01723
01/12/2020,0.01714
30/11/2020,0.01714
27/11/2020,0.01718
26/11/2020,0.01714
25/11/2020,0.01716
24/11/2020,0.01722
23/11/2020,0.01722
20/11/2020,0.01717
19/11/2020,0.01717
18/11/2020,0.0172
17/11/2020,0.01711
13/11/2020,0.01714
12/11/2020,0.01714
11/11/2020,0.01714
10/11/2020,0.01713
09/11/2020,0.0171
06/11/2020,0.0171
05/11/2020,0.01716
04/11/2020,0.01711
03/11/2020,0.0171
30/10/2020,0.01709
29/10/2020,0.0171
28/10/2020,0.01712
27/10/2020,0.01718
26/10/2020,0.01713
23/10/2020,0.01712
22/10/2020,0.01714
21/10/2020,0.01713
20/10/2020,0.01712
19/10/2020,0.01714
16/10/2020,0.01712
15/10/2020,0.01711
14/10/2020,0.0171
13/10/2020,0.01711
09/10/2020,0.01711
08/10/2020,0.01711
07/10/2020,0.01711
06/10/2020,0.01712
05/10/2020,0.01705
02/10/2020,0.01707
01/10/2020,0.0171
30/09/2020,0.01711
29/09/2020,0.0171
28/09/2020,0.01712
25/09/2020,0.01838
24/09/2020,0.01853
23/09/2020,0.01863
22/09/2020,0.01875
21/09/2020,0.01882
18/09/2020,0.01893
17/09/2020,0.01901
16/09/2020,0.01902
15/09/2020,0.01905
14/09/2020,0.0191
11/09/2020,0.0191
10/09/2020,0.01919
09/09/2020,0.01918
08/09/2020,0.01928
07/09/2020,0.01928
04/09/2020,0.01949
03/09/2020,0.0195
02/09/2020,0.0195
01/09/2020,0.01968
31/08/2020,0.02
28/08/2020,0.02002
27/08/2020,0.02007
26/08/2020,0.0201
25/08/2020,0.02013
24/08/2020,0.02009
21/08/2020,0.02029
20/08/2020,0.02038
19/08/2020,0.0205
18/08/2020,0.02078
14/08/2020,0.02088
13/08/2020,0.02098
12/08/2020,0.02088
11/08/2020,0.02086
10/08/2020,0.02105
06/08/2020,0.02134
05/08/2020,0.02128
04/08/2020,0.0215
03/08/2020,0.02181
31/07/2020,0.02208
30/07/2020,0.02213
29/07/2020,0.02223
28/07/2020,0.02229
27/07/2020,0.02228
24/07/2020,0.02263
23/07/2020,0.02262
22/07/2020,0.02263
21/07/2020,0.02271
17/07/2020,0.02278
16/07/2020,0.023
15/07/2020,0.0229
14/07/2020,0.02298
13/07/2020,0.0229
10/07/2020,0.02298
09/07/2020,0.02314
08/07/2020,0.02306
07/07/2020,0.0231
06/07/2020,0.02335
03/07/2020,0.0237
02/07/2020,0.0238
01/07/2020,0.02373
30/06/2020,0.023
26/06/2020,0.02339
25/06/2020,0.02341
24/06/2020,0.02363
23/06/2020,0.0238
19/06/2020,0.02433
18/06/2020,0.02463
17/06/2020,0.02485
16/06/2020,0.02511
12/06/2020,0.02526
11/06/2020,0.0255
10/06/2020,0.0256
09/06/2020,0.02573
08/06/2020,0.02601
05/06/2020,0.02614
04/06/2020,0.02623
03/06/2020,0.0262
02/06/2020,0.0262
01/06/2020,0.02671
29/05/2020,0.02676
28/05/2020,0.0268
27/05/2020,0.0275
26/05/2020,0.02758
22/05/2020,0.02776
21/05/2020,0.02803
20/05/2020,0.02835
19/05/2020,0.02876
18/05/2020,0.02878
15/05/2020,0.02893
14/05/2020,0.02901
13/05/2020,0.0292
12/05/2020,0.0293
11/05/2020,0.02945
08/05/2020,0.02965
07/05/2020,0.0302
06/05/2020,0.03083
05/05/2020,0.03073
04/05/2020,0.031
30/04/2020,0.03085
29/04/2020,0.03093
28/04/2020,0.0312
27/04/2020,0.03115
24/04/2020,0.03153
23/04/2020,0.03161
22/04/2020,0.03212
21/04/2020,0.03184
20/04/2020,0.03195
17/04/2020,0.0324
16/04/2020,0.03305
15/04/2020,0.03335
14/04/2020,0.03378
13/04/2020,0.0341
08/04/2020,0.0345
07/04/2020,0.03458
06/04/2020,0.03482
03/04/2020,0.03485
02/04/2020,0.03538
01/04/2020,0.03548
31/03/2020,0.03535
30/03/2020,0.036
27/03/2020,0.03735
26/03/2020,0.03793
25/03/2020,0.03815
24/03/2020,0.03995
20/03/2020,0.04063
19/03/2020,0.041
18/03/2020,0.0411
17/03/2020,0.04109
16/03/2020,0.04114
13/03/2020,0.04117
12/03/2020,0.04118
11/03/2020,0.04123
10/03/2020,0.04112
09/03/2020,0.04112
06/03/2020,0.04109
05/03/2020,0.04103
04/03/2020,0.04108
03/03/2020,0.04111
02/03/2020,0.04114
28/02/2020,0.04115
27/02/2020,0.04115
26/02/2020,0.04113
25/02/2020,0.04115
24/02/2020,0.04115
21/02/2020,0.04114
20/02/2020,0.04114
19/02/2020,0.04113
18/02/2020,0.04114
17/02/2020,0.04113
14/02/2020,0.04115
13/02/2020,0.04114
12/02/2020,0.04114
11/02/2020,0.04114
10/02/2020,0.04115
07/02/2020,0.04114
06/02/2020,0.04115
05/02/2020,0.04114
04/02/2020,0.04115
03/02/2020,0.04114
31/01/2020,0.04115
30/01/2020,0.04114
29/01/2020,0.04115
28/01/2020,0.04117
27/01/2020,0.04116
24/01/2020,0.04117
23/01/2020,0.04115
22/01/2020,0.04115
21/01/2020,0.04114
20/01/2020,0.04115
17/01/2020,0.04114
16/01/2020,0.04114
15/01/2020,0.04114
14/01/2020,0.04114
13/01/2020,0.04114
10/01/2020,0.04116
09/01/2020,0.04114
08/01/2020,0.04119
07/01/2020,0.04118
03/01/2020,0.04114
02/01/2020,0.04114
30/12/2019,0.04112
27/12/2019,0.04112
26/12/2019,0.04112
24/12/2019,0.04112
23/12/2019,0.04112
20/12/2019,0.04112
19/12/2019,0.04113
18/12/2019,0.04113
17/12/2019,0.04113
16/12/2019,0.04113
13/12/2019,0.04113
12/12/2019,0.04113
11/12/2019,0.04113
10/12/2019,0.04115
09/12/2019,0.04113
06/12/2019,0.04114
05/12/2019,0.04114
04/12/2019,0.04114
03/12/2019,0.04113
02/12/2019,0.04117
29/11/2019,0.04113
28/11/2019,0.04117
27/11/2019,0.04113
26/11/2019,0.04113
25/11/2019,0.04114
22/11/2019,0.04115
21/11/2019,0.04113
20/11/2019,0.04115
19/11/2019,0.04113
18/11/2019,0.04114
15/11/2019,0.04114
14/11/2019,0.04114
13/11/2019,0.04115
12/11/2019,0.04116
08/11/2019,0.04118
07/11/2019,0.04115
06/11/2019,0.04116
05/11/2019,0.04114
01/11/2019,0.04114
31/10/2019,0.04115
30/10/2019,0.04117
29/10/2019,0.04119
28/10/2019,0.0412
25/10/2019,0.04119
24/10/2019,0.04119
23/10/2019,0.04116
22/10/2019,0.04119
21/10/2019,0.04117
18/10/2019,0.04115
17/10/2019,0.04115
16/10/2019,0.04117
15/10/2019,0.04114
11/10/2019,0.04114
10/10/2019,0.04113
09/10/2019,0.04114
08/10/2019,0.04114
07/10/2019,0.04113
04/10/2019,0.04112
03/10/2019,0.04115
02/10/2019,0.04113
01/10/2019,0.04112
30/09/2019,0.04115
27/09/2019,0.04112
26/09/2019,0.04113
25/09/2019,0.04113
24/09/2019,0.04113
23/09/2019,0.04113
20/09/2019,0.04113
19/09/2019,0.04113
18/09/2019,0.04113
17/09/2019,0.04113
16/09/2019,0.04113
13/09/2019,0.04115
12/09/2019,0.04118
11/09/2019,0.04123
10/09/2019,0.04125
09/09/2019,0.04125
06/09/2019,0.04124
05/09/2019,0.04123
04/09/2019,0.04124
03/09/2019,0.04127
02/09/2019,0.04122
30/08/2019,0.0412
29/08/2019,0.04121
28/08/2019,0.04125
27/08/2019,0.0412
26/08/2019,0.04119
23/08/2019,0.04119
22/08/2019,0.04119
21/08/2019,0.04116
20/08/2019,0.04117
16/08/2019,0.04115
15/08/2019,0.04115
14/08/2019,0.04117
13/08/2019,0.04115
12/08/2019,0.04114
09/08/2019,0.04113
08/08/2019,0.04114
06/08/2019,0.04115
05/08/2019,0.04115
02/08/2019,0.04116
01/08/2019,0.04114
31/07/2019,0.04113
30/07/2019,0.04113
29/07/2019,0.0411
26/07/2019,0.04102
25/07/2019,0.04103
24/07/2019,0.04101
23/07/2019,0.04102
22/07/2019,0.04103
19/07/2019,0.04103
18/07/2019,0.04103
17/07/2019,0.04105
16/07/2019,0.04107
15/07/2019,0.04109
12/07/2019,0.0411
11/07/2019,0.04113
10/07/2019,0.04112
09/07/2019,0.04111
08/07/2019,0.04112
05/07/2019,0.04112
04/07/2019,0.0411
03/07/2019,0.0411
02/07/2019,0.0411
28/06/2019,0.04111
27/06/2019,0.0411
26/06/2019,0.0411
25/06/2019,0.0411
21/06/2019,0.04109
20/06/2019,0.0411
19/06/2019,0.0411
18/06/2019,0.0411
17/06/2019,0.0411
14/06/2019,0.04109
13/06/2019,0.0411
12/06/2019,0.0411
11/06/2019,0.04112
10/06/2019,0.04112
07/06/2019,0.04112
06/06/2019,0.04111
05/06/2019,0.04111
04/06/2019,0.04112
31/05/2019,0.04113
30/05/2019,0.04113
29/05/2019,0.04112
28/05/2019,0.04112
27/05/2019,0.04112
24/05/2019,0.04112
23/05/2019,0.04112
22/05/2019,0.04112
21/05/2019,0.04112
20/05/2019,0.04112
17/05/2019,0.04112
16/05/2019,0.04112
15/05/2019,0.04112
14/05/2019,0.04112
13/05/2019,0.04111
10/05/2019,0.04112
09/05/2019,0.04112
08/05/2019,0.04112
07/05/2019,0.04112
06/05/2019,0.04112
03/05/2019,0.04112
02/05/2019,0.04112
30/04/2019,0.04112
29/04/2019,0.04111
26/04/2019,0.04112
25/04/2019,0.04112
24/04/2019,0.04112
23/04/2019,0.04111
22/04/2019,0.04111
17/04/2019,0.0411
16/04/2019,0.04111
15/04/2019,0.04111
12/04/2019,0.04112
11/04/2019,0.04111
10/04/2019,0.04112
09/04/2019,0.04113
08/04/2019,0.04112
05/04/2019,0.04112
04/04/2019,0.04113
03/04/2019,0.04112
02/04/2019,0.04113
01/04/2019,0.04112
29/03/2019,0.04112
28/03/2019,0.04112
27/03/2019,0.04112
26/03/2019,0.04111
22/03/2019,0.04111
21/03/2019,0.04111
20/03/2019,0.04111
19/03/2019,0.04111
18/03/2019,0.04112
15/03/2019,0.04112
14/03/2019,0.04111
13/03/2019,0.04111
12/03/2019,0.04111
11/03/2019,0.04111
08/03/2019,0.04111
07/03/2019,0.04111
06/03/2019,0.0411
05/03/2019,0.0411
04/03/2019,0.04111
01/03/2019,0.0411
28/02/2019,0.04111
27/02/2019,0.04111
26/02/2019,0.04111
25/02/2019,0.04111
22/02/2019,0.04111
21/02/2019,0.04111
20/02/2019,0.04111
19/02/2019,0.04112
18/02/2019,0.04112
15/02/2019,0.04111
14/02/2019,0.04112
13/02/2019,0.04112
12/02/2019,0.04112
11/02/2019,0.04112
08/02/2019,0.04111
07/02/2019,0.04111
06/02/2019,0.04111
05/02/2019,0.0411
04/02/2019,0.04112
01/02/2019,0.04112
31/01/2019,0.04112
30/01/2019,0.04112
29/01/2019,0.04112
28/01/2019,0.04112
25/01/2019,0.04112
24/01/2019,0.04112
23/01/2019,0.04112
22/01/2019,0.04114
21/01/2019,0.04113
18/01/2019,0.04113
17/01/2019,0.04112
16/01/2019,0.04112
15/01/2019,0.04112
14/01/2019,0.04112
11/01/2019,0.04112
10/01/2019,0.04113
09/01/2019,0.04112
08/01/2019,0.04113
04/01/2019,0.04112
03/01/2019,0.04112
02/01/2019,0.04112
28/12/2018,0.04112
27/12/2018,0.04112
26/12/2018,0.04111
24/12/2018,0.04112
21/12/2018,0.04112
20/12/2018,0.04112
19/12/2018,0.04112
18/12/2018,0.04112
17/12/2018,0.04112
14/12/2018,0.04112
13/12/2018,0.04112
12/12/2018,0.04112
11/12/2018,0.04112
10/12/2018,0.04112
07/12/2018,0.04112
06/12/2018,0.04112
05/12/2018,0.04112
04/12/2018,0.04112
03/12/2018,0.04112
30/11/2018,0.04112
29/11/2018,0.04112
28/11/2018,0.04112
27/11/2018,0.04112
26/11/2018,0.04112
23/11/2018,0.04113
22/11/2018,0.04113
21/11/2018,0.04114
20/11/2018,0.04115
19/11/2018,0.04115
16/11/2018,0.04115
15/11/2018,0.04116
14/11/2018,0.04116
13/11/2018,0.04117
09/11/2018,0.04116
08/11/2018,0.04116
07/11/2018,0.04116
06/11/2018,0.04115
02/11/2018,0.04115
01/11/2018,0.04114
31/10/2018,0.04114
30/10/2018,0.04114
29/10/2018,0.04114
26/10/2018,0.04114
25/10/2018,0.04114
24/10/2018,0.04114
23/10/2018,0.04115
22/10/2018,0.04115
19/10/2018,0.04113
18/10/2018,0.04113
17/10/2018,0.04113
16/10/2018,0.04114
12/10/2018,0.04112
11/10/2018,0.04112
10/10/2018,0.04112
09/10/2018,0.04112
08/10/2018,0.04112
05/10/2018,0.04112
04/10/2018,0.04112
03/10/2018,0.04112
02/10/2018,0.04112
01/10/2018,0.04112
28/09/2018,0.04111
27/09/2018,0.04112
26/09/2018,0.04112
25/09/2018,0.04112
24/09/2018,0.04112
21/09/2018,0.04112
20/09/2018,0.04112
19/09/2018,0.04112
18/09/2018,0.04112
17/09/2018,0.04112
14/09/2018,0.04112
13/09/2018,0.04112
12/09/2018,0.04113
11/09/2018,0.04113
10/09/2018,0.04114
07/09/2018,0.04114
06/09/2018,0.04114
05/09/2018,0.04115
04/09/2018,0.04114
03/09/2018,0.04115
31/08/2018,0.04114
30/08/2018,0.04114
29/08/2018,0.04113
28/08/2018,0.04113
27/08/2018,0.04113
24/08/2018,0.04114
23/08/2018,0.04113
22/08/2018,0.04114
21/08/2018,0.04114
17/08/2018,0.04114
16/08/2018,0.04113
15/08/2018,0.04114
14/08/2018,0.04113
13/08/2018,0.04113
10/08/2018,0.04113
09/08/2018,0.04113
08/08/2018,0.04113
06/08/2018,0.04114
03/08/2018,0.04116
02/08/2018,0.04116
01/08/2018,0.04117
31/07/2018,0.04114
30/07/2018,0.04116
27/07/2018,0.04112
26/07/2018,0.04113
25/07/2018,0.04112
24/07/2018,0.04114
23/07/2018,0.04114
19/07/2018,0.04111
18/07/2018,0.04112
17/07/2018,0.04115
16/07/2018,0.04113
13/07/2018,0.04111
12/07/2018,0.04115
11/07/2018,0.04114
10/07/2018,0.04116
09/07/2018,0.04113
06/07/2018,0.04114
05/07/2018,0.04113
04/07/2018,0.04115
03/07/2018,0.04116
29/06/2018,0.04117
28/06/2018,0.04116
27/06/2018,0.04116
26/06/2018,0.04116
25/06/2018,0.04114
22/06/2018,0.04111
21/06/2018,0.04112
20/06/2018,0.04111
19/06/2018,0.0411
18/06/2018,0.04111
15/06/2018,0.04111
14/06/2018,0.04112
13/06/2018,0.04112
12/06/2018,0.04111
08/06/2018,0.0411
07/06/2018,0.04102
06/06/2018,0.041
05/06/2018,0.041
01/06/2018,0.04113
31/05/2018,0.04112
30/05/2018,0.04113
29/05/2018,0.04114
28/05/2018,0.04111
25/05/2018,0.0411
24/05/2018,0.04111
23/05/2018,0.04111
22/05/2018,0.04111
21/05/2018,0.04107
18/05/2018,0.04105
17/05/2018,0.04097
16/05/2018,0.04098
15/05/2018,0.04088
11/05/2018,0.04083
10/05/2018,0.0409
09/05/2018,0.04097
08/05/2018,0.04122
07/05/2018,0.04124
04/05/2018,0.04115
03/05/2018,0.04113
02/05/2018,0.04111
30/04/2018,0.04112
27/04/2018,0.04118
26/04/2018,0.04136
25/04/2018,0.04135
24/04/2018,0.04133
23/04/2018,0.04131
20/04/2018,0.0413
19/04/2018,0.04123
18/04/2018,0.04133
17/04/2018,0.04134
16/04/2018,0.04143
13/04/2018,0.04167
12/04/2018,0.04188
11/04/2018,0.0421
10/04/2018,0.04233
09/04/2018,0.0424
06/04/2018,0.04245
05/04/2018,0.04291
04/04/2018,0.04295
03/04/2018,0.043
02/04/2018,0.043
28/03/2018,0.04306
27/03/2018,0.0431
26/03/2018,0.04319
23/03/2018,0.04322
22/03/2018,0.04328
21/03/2018,0.04338
20/03/2018,0.04285
16/03/2018,0.04293
15/03/2018,0.04287
14/03/2018,0.0427
13/03/2018,0.04271
12/03/2018,0.04268
09/03/2018,0.04275
08/03/2018,0.0428
07/03/2018,0.0429
06/03/2018,0.0429
05/03/2018,0.0431
02/03/2018,0.04318
01/03/2018,0.0432
28/02/2018,0.04322
27/02/2018,0.0433
26/02/2018,0.0434
23/02/2018,0.04342
22/02/2018,0.0434
21/02/2018,0.04345
20/02/2018,0.04347
19/02/2018,0.04347
16/02/2018,0.04349
15/02/2018,0.04349
14/02/2018,0.04349
13/02/2018,0.04349
12/02/2018,0.0435
09/02/2018,0.04351
08/02/2018,0.04354
07/02/2018,0.0436
06/02/2018,0.04353
05/02/2018,0.0435
02/02/2018,0.04358
01/02/2018,0.04356
31/01/2018,0.04355
30/01/2018,0.04361
29/01/2018,0.0447
26/01/2018,0.04483
25/01/2018,0.0448
24/01/2018,0.04487
23/01/2018,0.04484
22/01/2018,0.04483
19/01/2018,0.0448
18/01/2018,0.04482
17/01/2018,0.04513
16/01/2018,0.04513
15/01/2018,0.04516
12/01/2018,0.0449
11/01/2018,0.04495
10/01/2018,0.04503
09/01/2018,0.04506
05/01/2018,0.04511
04/01/2018,0.04521
03/01/2018,0.0453
02/01/2018,0.04563
28/12/2017,0.04575
27/12/2017,0.04575
26/12/2017,0.04578
22/12/2017,0.04575
21/12/2017,0.0458
20/12/2017,0.04576
19/12/2017,0.0457
18/12/2017,0.04581
15/12/2017,0.04578
14/12/2017,0.04562
13/12/2017,0.04573
12/12/2017,0.04558
11/12/2017,0.04554
07/12/2017,0.04553
06/12/2017,0.04553
05/12/2017,0.04515
04/12/2017,0.04515
01/12/2017,0.04534
30/11/2017,0.04542
29/11/2017,0.04544
28/11/2017,0.04552
27/11/2017,0.0456
24/11/2017,0.04635
23/11/2017,0.0466
22/11/2017,0.04666
21/11/2017,0.04685
20/11/2017,0.04725
17/11/2017,0.04748
16/11/2017,0.0475
15/11/2017,0.04757
14/11/2017,0.0476
10/11/2017,0.04766
09/11/2017,0.04778
08/11/2017,0.04772
07/11/2017,0.04772
03/11/2017,0.04784
02/11/2017,0.04791
01/11/2017,0.04791
31/10/2017,0.04792
30/10/2017,0.04805
27/10/2017,0.05
26/10/2017,0.0501
25/10/2017,0.05012
24/10/2017,0.0501
23/10/2017,0.05005
20/10/2017,0.05013
19/10/2017,0.05013
18/10/2017,0.0502
17/10/2017,0.0501
13/10/2017,0.0503
12/10/2017,0.0503
11/10/2017,0.05023
10/10/2017,0.05027
09/10/2017,0.05028
06/10/2017,0.05037
05/10/2017,0.05041
04/10/2017,0.05041
03/10/2017,0.0504
02/10/2017,0.05038
29/09/2017,0.04995
28/09/2017,0.04993
27/09/2017,0.05
26/09/2017,0.05
25/09/2017,0.04999
22/09/2017,0.04995
21/09/2017,0.04995
20/09/2017,0.05023
19/09/2017,0.0502
18/09/2017,0.0503
15/09/2017,0.05022
14/09/2017,0.05024
13/09/2017,0.05023
12/09/2017,0.0502
11/09/2017,0.05023
08/09/2017,0.05027
07/09/2017,0.05025
06/09/2017,0.05015
05/09/2017,0.05014
04/09/2017,0.0504
01/09/2017,0.05055
31/08/2017,0.0503
30/08/2017,0.05035
29/08/2017,0.0505
28/08/2017,0.05043
25/08/2017,0.05057
24/08/2017,0.05083
23/08/2017,0.0509
22/08/2017,0.05086
18/08/2017,0.051
17/08/2017,0.0512
16/08/2017,0.0513
15/08/2017,0.05134
14/08/2017,0.05141
11/08/2017,0.0516
10/08/2017,0.0517
09/08/2017,0.05193
08/08/2017,0.052
04/08/2017,0.05225
03/08/2017,0.05243
02/08/2017,0.05261
01/08/2017,0.0526
31/07/2017,0.0527
28/07/2017,0.0529
27/07/2017,0.05225
26/07/2017,0.05231
25/07/2017,0.05235
24/07/2017,0.05285
21/07/2017,0.053
19/07/2017,0.05305
18/07/2017,0.05313
17/07/2017,0.05328
14/07/2017,0.05344
13/07/2017,0.0535
12/07/2017,0.0536
11/07/2017,0.05359
10/07/2017,0.0536
07/07/2017,0.05363
06/07/2017,0.0536
05/07/2017,0.0539
04/07/2017,0.05435
30/06/2017,0.05536
29/06/2017,0.05565
28/06/2017,0.05667
27/06/2017,0.0568
23/06/2017,0.0572
22/06/2017,0.05748
21/06/2017,0.0575
20/06/2017,0.05755
16/06/2017,0.0575
15/06/2017,0.05815
14/06/2017,0.05845
13/06/2017,0.05855
12/06/2017,0.05874
09/06/2017,0.0589
08/06/2017,0.05901
07/06/2017,0.05923
06/06/2017,0.05923
05/06/2017,0.05951
02/06/2017,0.0597
01/06/2017,0.05972
31/05/2017,0.05973
30/05/2017,0.0598
26/05/2017,0.05903
25/05/2017,0.05928
24/05/2017,0.05957
23/05/2017,0.05964
22/05/2017,0.0598
19/05/2017,0.0601
18/05/2017,0.06032
17/05/2017,0.06033
16/05/2017,0.06038
15/05/2017,0.0605
12/05/2017,0.06069
11/05/2017,0.0607
10/05/2017,0.06073
09/05/2017,0.06093
08/05/2017,0.06105
05/05/2017,0.0612
04/05/2017,0.06129
03/05/2017,0.0615
02/05/2017,0.06155
28/04/2017,0.06263
27/04/2017,0.06303
26/04/2017,0.0639
25/04/2017,0.0639
24/04/2017,0.06379
21/04/2017,0.06415
20/04/2017,0.0643
19/04/2017,0.06436
18/04/2017,0.06467
17/04/2017,0.06584
12/04/2017,0.06603
11/04/2017,0.066
10/04/2017,0.066
07/04/2017,0.06616
06/04/2017,0.0661
05/04/2017,0.06639
04/04/2017,0.0665
03/04/2017,0.0666
31/03/2017,0.06666
30/03/2017,0.06666
29/03/2017,0.0668
28/03/2017,0.0668
27/03/2017,0.0669
24/03/2017,0.066
23/03/2017,0.0661
22/03/2017,0.06655
21/03/2017,0.06673
17/03/2017,0.06695
16/03/2017,0.06727
15/03/2017,0.06755
14/03/2017,0.06785
13/03/2017,0.068
10/03/2017,0.06811
09/03/2017,0.06819
08/03/2017,0.06829
07/03/2017,0.06838
06/03/2017,0.06845
03/03/2017,0.06878
02/03/2017,0.06891
01/03/2017,0.0691
28/02/2017,0.0691
27/02/2017,0.0691
24/02/2017,0.0706
23/02/2017,0.07055
22/02/2017,0.0707
21/02/2017,0.07113
20/02/2017,0.07125
17/02/2017,0.07126
16/02/2017,0.0713
15/02/2017,0.07136
14/02/2017,0.07132
13/02/2017,0.07131
10/02/2017,0.0712
09/02/2017,0.07127
08/02/2017,0.0712
07/02/2017,0.0713
06/02/2017,0.07139
03/02/2017,0.0713
02/02/2017,0.07125
01/02/2017,0.07133
31/01/2017,0.07128
30/01/2017,0.07135
27/01/2017,0.07
26/01/2017,0.0702
25/01/2017,0.07015
24/01/2017,0.07023
23/01/2017,0.07015
20/01/2017,0.07033
19/01/2017,0.07038
18/01/2017,0.07026
17/01/2017,0.07029
16/01/2017,0.0704
13/01/2017,0.0705
12/01/2017,0.07068
11/01/2017,0.07075
10/01/2017,0.07073
06/01/2017,0.0707
05/01/2017,0.07082
04/01/2017,0.07095
03/01/2017,0.07142
02/01/2017,0.07154
29/12/2016,0.0716
28/12/2016,0.07162
27/12/2016,0.07168
26/12/2016,0.07175
23/12/2016,0.07168
22/12/2016,0.07163
21/12/2016,0.07152
20/12/2016,0.07145
19/12/2016,0.07135
16/12/2016,0.07349
15/12/2016,0.07353
14/12/2016,0.0735
13/12/2016,0.0735
12/12/2016,0.07353
09/12/2016,0.07353
07/12/2016,0.0735
06/12/2016,0.07353
05/12/2016,0.0735
02/12/2016,0.07353
01/12/2016,0.07353
30/11/2016,0.07352
29/11/2016,0.07345
28/11/2016,0.07335
25/11/2016,0.07384
24/11/2016,0.07388
23/11/2016,0.07381
22/11/2016,0.07383
21/11/2016,0.07385
18/11/2016,0.07386
17/11/2016,0.07384
16/11/2016,0.07382
15/11/2016,0.07378
11/11/2016,0.07385
10/11/2016,0.07377
09/11/2016,0.0736
08/11/2016,0.07361
04/11/2016,0.07371
03/11/2016,0.07371
02/11/2016,0.0738
01/11/2016,0.0738
31/10/2016,0.07386
28/10/2016,0.0738
27/10/2016,0.07376
26/10/2016,0.07378
25/10/2016,0.07385
24/10/2016,0.07384
21/10/2016,0.07381
20/10/2016,0.07375
19/10/2016,0.07382
18/10/2016,0.0738
14/10/2016,0.07384
13/10/2016,0.07383
12/10/2016,0.07386
11/10/2016,0.07386
10/10/2016,0.07387
07/10/2016,0.07388
06/10/2016,0.0739
05/10/2016,0.07389
04/10/2016,0.0739
03/10/2016,0.0739
30/09/2016,0.07385
29/09/2016,0.07385
28/09/2016,0.07386
27/09/2016,0.0738
26/09/2016,0.0737
23/09/2016,0.0738
22/09/2016,0.0738
21/09/2016,0.07385
20/09/2016,0.07387
19/09/2016,0.0739
16/09/2016,0.0739
15/09/2016,0.07397
14/09/2016,0.074
13/09/2016,0.074
12/09/2016,0.07399
09/09/2016,0.07387
08/09/2016,0.0738
07/09/2016,0.07365
06/09/2016,0.07355
05/09/2016,0.0739
02/09/2016,0.07392
01/09/2016,0.0741
31/08/2016,0.07469
30/08/2016,0.07474
29/08/2016,0.0749
26/08/2016,0.07491
25/08/2016,0.07493
24/08/2016,0.0749
23/08/2016,0.0748
22/08/2016,0.07478
19/08/2016,0.0746
18/08/2016,0.0746
17/08/2016,0.07449
16/08/2016,0.07431
12/08/2016,0.07422
11/08/2016,0.0742
10/08/2016,0.0742
09/08/2016,0.07418
08/08/2016,0.07408
05/08/2016,0.0739
04/08/2016,0.07383
03/08/2016,0.07383
02/08/2016,0.07375
01/08/2016,0.0737
29/07/2016,0.07313
28/07/2016,0.073
27/07/2016,0.073
26/07/2016,0.07308
25/07/2016,0.073
22/07/2016,0.07297
21/07/2016,0.073
19/07/2016,0.07303
18/07/2016,0.07304
15/07/2016,0.07288
14/07/2016,0.0727
13/07/2016,0.07261
12/07/2016,0.07254
11/07/2016,0.0725
08/07/2016,0.07245
07/07/2016,0.07217
06/07/2016,0.07204
05/07/2016,0.07164
01/07/2016,0.07162
30/06/2016,0.0716
29/06/2016,0.0716
28/06/2016,0.07163
27/06/2016,0.0716
24/06/2016,0.07168
23/06/2016,0.07171
22/06/2016,0.07162
21/06/2016,0.07149
20/06/2016,0.0714
17/06/2016,0.07125
16/06/2016,0.0711
15/06/2016,0.071
14/06/2016,0.07095
13/06/2016,0.07085
10/06/2016,0.07058
09/06/2016,0.07057
08/06/2016,0.07035
07/06/2016,0.0705
03/06/2016,0.06968
02/06/2016,0.06975
01/06/2016,0.06975
31/05/2016,0.06972
27/05/2016,0.06965
26/05/2016,0.06935
25/05/2016,0.06929
24/05/2016,0.06928
23/05/2016,0.0691
20/05/2016,0.06864
19/05/2016,0.06855
18/05/2016,0.06843
17/05/2016,0.0684
16/05/2016,0.0683
13/05/2016,0.06805
12/05/2016,0.068
11/05/2016,0.0679
10/05/2016,0.0678
06/05/2016,0.06775
05/05/2016,0.06785
04/05/2016,0.06768
03/05/2016,0.06768
02/05/2016,0.0677
29/04/2016,0.06505
28/04/2016,0.0648
27/04/2016,0.0645
26/04/2016,0.0645
25/04/2016,0.0644
22/04/2016,0.06408
21/04/2016,0.06399
20/04/2016,0.06383
19/04/2016,0.06379
18/04/2016,0.06375
15/04/2016,0.0636
14/04/2016,0.0636
13/04/2016,0.0635
12/04/2016,0.06329
11/04/2016,0.0632
08/04/2016,0.0631
07/04/2016,0.063
06/04/2016,0.06286
05/04/2016,0.06261
04/04/2016,0.06251
01/04/2016,0.06235
31/03/2016,0.06232
30/03/2016,0.0623
29/03/2016,0.06225
28/03/2016,0.06232
23/03/2016,0.06229
22/03/2016,0.06223
18/03/2016,0.06185
17/03/2016,0.0618
16/03/2016,0.0617
15/03/2016,0.06155
14/03/2016,0.0612
11/03/2016,0.06124
10/03/2016,0.06113
09/03/2016,0.06115
08/03/2016,0.06088
07/03/2016,0.06065
04/03/2016,0.06061
03/03/2016,0.06076
02/03/2016,0.06075
01/03/2016,0.06081
29/02/2016,0.06075
26/02/2016,0.06049
25/02/2016,0.06045
24/02/2016,0.06045
23/02/2016,0.06038
22/02/2016,0.06039
19/02/2016,0.06073
18/02/2016,0.0606
17/02/2016,0.0606
16/02/2016,0.0606
15/02/2016,0.0606
12/02/2016,0.0606
11/02/2016,0.0604
10/02/2016,0.06035
09/02/2016,0.06
08/02/2016,0.05945
05/02/2016,0.05883
04/02/2016,0.05875
03/02/2016,0.05865
02/02/2016,0.05868
01/02/2016,0.05871
29/01/2016,0.05841
28/01/2016,0.05842
27/01/2016,0.0583
26/01/2016,0.0581
25/01/2016,0.0577
22/01/2016,0.05766
21/01/2016,0.05745
20/01/2016,0.05713
19/01/2016,0.05692
18/01/2016,0.05689
15/01/2016,0.05675
14/01/2016,0.05661
13/01/2016,0.05654
12/01/2016,0.0564
08/01/2016,0.05618
07/01/2016,0.05618
06/01/2016,0.05595
05/01/2016,0.056
04/01/2016,0.05571
30/12/2015,0.0555
29/12/2015,0.0555
28/12/2015,0.0555
24/12/2015,0.0555
23/12/2015,0.0555
22/12/2015,0.0555
21/12/2015,0.05558
18/12/2015,0.05605
17/12/2015,0.05608
16/12/2015,0.056
15/12/2015,0.05585
14/12/2015,0.05568
11/12/2015,0.0551
10/12/2015,0.05505
09/12/2015,0.055
07/12/2015,0.05485
04/12/2015,0.054
03/12/2015,0.05387
02/12/2015,0.05355
01/12/2015,0.0535
30/11/2015,0.05355
27/11/2015,0.05428
26/11/2015,0.054
25/11/2015,0.05371
24/11/2015,0.05307
23/11/2015,0.0525
20/11/2015,0.05235
19/11/2015,0.05235
18/11/2015,0.05205
17/11/2015,0.05195
13/11/2015,0.052
12/11/2015,0.05195
11/11/2015,0.05182
10/11/2015,0.05182
09/11/2015,0.05172
06/11/2015,0.0515
05/11/2015,0.0512
04/11/2015,0.05125
03/11/2015,0.05114
30/10/2015,0.0493
29/10/2015,0.0493
28/10/2015,0.04928
27/10/2015,0.0493
26/10/2015,0.04916
23/10/2015,0.04885
22/10/2015,0.04865
21/10/2015,0.04841
20/10/2015,0.0482
19/10/2015,0.04775
16/10/2015,0.04764
15/10/2015,0.04738
14/10/2015,0.04734
13/10/2015,0.04709
09/10/2015,0.0469
08/10/2015,0.04665
07/10/2015,0.04668
06/10/2015,0.0465
05/10/2015,0.04635
02/10/2015,0.04623
01/10/2015,0.04621
30/09/2015,0.04616
29/09/2015,0.0461
28/09/2015,0.046
25/09/2015,0.04455
24/09/2015,0.04455
23/09/2015,0.04443
22/09/2015,0.04443
21/09/2015,0.04433
18/09/2015,0.04473
17/09/2015,0.04498
16/09/2015,0.04492
15/09/2015,0.04488
14/09/2015,0.04481
11/09/2015,0.04483
10/09/2015,0.04478
09/09/2015,0.04483
08/09/2015,0.0449
07/09/2015,0.04488
04/09/2015,0.04382
03/09/2015,0.04382
02/09/2015,0.04383
01/09/2015,0.0438
31/08/2015,0.04385
28/08/2015,0.04398
27/08/2015,0.04398
26/08/2015,0.04393
25/08/2015,0.04394
24/08/2015,0.04405
21/08/2015,0.04458
20/08/2015,0.0445
19/08/2015,0.04459
18/08/2015,0.04445
14/08/2015,0.04452
13/08/2015,0.04446
12/08/2015,0.04455
11/08/2015,0.04467
10/08/2015,0.04472
06/08/2015,0.04473
05/08/2015,0.04455
04/08/2015,0.04405
03/08/2015,0.04392
31/07/2015,0.04382
30/07/2015,0.04385
29/07/2015,0.04383
28/07/2015,0.04375
27/07/2015,0.04371
24/07/2015,0.04368
23/07/2015,0.04366
22/07/2015,0.04365
21/07/2015,0.04367
17/07/2015,0.04364
16/07/2015,0.04366
15/07/2015,0.04365
14/07/2015,0.04365
13/07/2015,0.04365
10/07/2015,0.04365
09/07/2015,0.04366
08/07/2015,0.04366
07/07/2015,0.04369
06/07/2015,0.04365
03/07/2015,0.04362
02/07/2015,0.04363
01/07/2015,0.0436
30/06/2015,0.0436
26/06/2015,0.04359
25/06/2015,0.0436
24/06/2015,0.0436
23/06/2015,0.0436
22/06/2015,0.0436
19/06/2015,0.0436
18/06/2015,0.0436
17/06/2015,0.0436
16/06/2015,0.0436
12/06/2015,0.04357
11/06/2015,0.0436
10/06/2015,0.04355
09/06/2015,0.0436
05/06/2015,0.0436
04/06/2015,0.04361
03/06/2015,0.0436
02/06/2015,0.04358
01/06/2015,0.04356
29/05/2015,0.04357
28/05/2015,0.04354
27/05/2015,0.04357
26/05/2015,0.04355
25/05/2015,0.0436
22/05/2015,0.04357
21/05/2015,0.04359
20/05/2015,0.04356
19/05/2015,0.04358
15/05/2015,0.04356
14/05/2015,0.04356
13/05/2015,0.04357
12/05/2015,0.04363
11/05/2015,0.04361
08/05/2015,0.04366
07/05/2015,0.04369
06/05/2015,0.04372
05/05/2015,0.04371
04/05/2015,0.0437
30/04/2015,0.04366
29/04/2015,0.04361
28/04/2015,0.04361
27/04/2015,0.0436
24/04/2015,0.04361
23/04/2015,0.04359
22/04/2015,0.04362
21/04/2015,0.04359
20/04/2015,0.04363
17/04/2015,0.04362
16/04/2015,0.04363
15/04/2015,0.04362
14/04/2015,0.0437
13/04/2015,0.04369
10/04/2015,0.04368
09/04/2015,0.04365
08/04/2015,0.04364
07/04/2015,0.04363
06/04/2015,0.04363
01/04/2015,0.04362
31/03/2015,0.0436
30/03/2015,0.04356
27/03/2015,0.04355
26/03/2015,0.04353
25/03/2015,0.04352
24/03/2015,0.0435
20/03/2015,0.0435
19/03/2015,0.04351
18/03/2015,0.04352
17/03/2015,0.04355
16/03/2015,0.04355
13/03/2015,0.04353
12/03/2015,0.0435
11/03/2015,0.04355
10/03/2015,0.04352
09/03/2015,0.0435
06/03/2015,0.04344
05/03/2015,0.0433
04/03/2015,0.04328
03/03/2015,0.0433
02/03/2015,0.04331
27/02/2015,0.04331
26/02/2015,0.04337
25/02/2015,0.04339
24/02/2015,0.0434
23/02/2015,0.04346
20/02/2015,0.04347
19/02/2015,0.04348
18/02/2015,0.04349
17/02/2015,0.0435
16/02/2015,0.04357
13/02/2015,0.0436
12/02/2015,0.0436
11/02/2015,0.0436
10/02/2015,0.0436
09/02/2015,0.0436
06/02/2015,0.04358
05/02/2015,0.04356
04/02/2015,0.04354
03/02/2015,0.04352
02/02/2015,0.04353
30/01/2015,0.04349
29/01/2015,0.04353
28/01/2015,0.04352
27/01/2015,0.04351
26/01/2015,0.0435
23/01/2015,0.04351
22/01/2015,0.04355
21/01/2015,0.04355
20/01/2015,0.04358
19/01/2015,0.04358
16/01/2015,0.0436
15/01/2015,0.04358
14/01/2015,0.0436
13/01/2015,0.04357
09/01/2015,0.04359
08/01/2015,0.04357
07/01/2015,0.04358
06/01/2015,0.04354
05/01/2015,0.04352
02/01/2015,0.04351
30/12/2014,0.04352
29/12/2014,0.04349
26/12/2014,0.04349
24/12/2014,0.04348
23/12/2014,0.04349
22/12/2014,0.04349
19/12/2014,0.04348
18/12/2014,0.04347
17/12/2014,0.04345
16/12/2014,0.04346
15/12/2014,0.04344
12/12/2014,0.04348
11/12/2014,0.0435
10/12/2014,0.04351
09/12/2014,0.04349
05/12/2014,0.04349
04/12/2014,0.04349
03/12/2014,0.04348
02/12/2014,0.04345
01/12/2014,0.04342
28/11/2014,0.04346
27/11/2014,0.04347
26/11/2014,0.04347
25/11/2014,0.04348
24/11/2014,0.04348
21/11/2014,0.04349
20/11/2014,0.0435
19/11/2014,0.0435
18/11/2014,0.04354
14/11/2014,0.04351
13/11/2014,0.04349
12/11/2014,0.0435
11/11/2014,0.0435
10/11/2014,0.0435
07/11/2014,0.0435
06/11/2014,0.04355
05/11/2014,0.04346
04/11/2014,0.04347
31/10/2014,0.04347
30/10/2014,0.04348
29/10/2014,0.04348
28/10/2014,0.04349
27/10/2014,0.04349
24/10/2014,0.04348
23/10/2014,0.04349
22/10/2014,0.0435
21/10/2014,0.04348
20/10/2014,0.04343
17/10/2014,0.04335
16/10/2014,0.0433
15/10/2014,0.0433
14/10/2014,0.04328
10/10/2014,0.04321
09/10/2014,0.0432
08/10/2014,0.0432
07/10/2014,0.04323
06/10/2014,0.04319
03/10/2014,0.0432
02/10/2014,0.04315
01/10/2014,0.0433
30/09/2014,0.04333
29/09/2014,0.04349
26/09/2014,0.04345
25/09/2014,0.0434
24/09/2014,0.04338
23/09/2014,0.0432
22/09/2014,0.04327
19/09/2014,0.04333
18/09/2014,0.04338
17/09/2014,0.0434
16/09/2014,0.0434
15/09/2014,0.04323
12/09/2014,0.0432
11/09/2014,0.04303
10/09/2014,0.04304
09/09/2014,0.04315
08/09/2014,0.04298
05/09/2014,0.04295
04/09/2014,0.04285
03/09/2014,0.04281
02/09/2014,0.04287
01/09/2014,0.04285
29/08/2014,0.04235
28/08/2014,0.0423
27/08/2014,0.0422
26/08/2014,0.0422
25/08/2014,0.04163
22/08/2014,0.0414
21/08/2014,0.04133
20/08/2014,0.04128
19/08/2014,0.04115
15/08/2014,0.04105
14/08/2014,0.04113
13/08/2014,0.04115
12/08/2014,0.0412
11/08/2014,0.04094
08/08/2014,0.04102
06/08/2014,0.04093
05/08/2014,0.0409
04/08/2014,0.04092
01/08/2014,0.0409
31/07/2014,0.04011
30/07/2014,0.04006
29/07/2014,0.03999
28/07/2014,0.0398
25/07/2014,0.0398
24/07/2014,0.0397
23/07/2014,0.0396
22/07/2014,0.0395
21/07/2014,0.03955
18/07/2014,0.0394
17/07/2014,0.0395
16/07/2014,0.03973
15/07/2014,0.03951
14/07/2014,0.0395
11/07/2014,0.03944
10/07/2014,0.03961
09/07/2014,0.0395
08/07/2014,0.03945
07/07/2014,0.03937
04/07/2014,0.03936
03/07/2014,0.03935
02/07/2014,0.03918
01/07/2014,0.0392
27/06/2014,0.03911
26/06/2014,0.03906
25/06/2014,0.03901
24/06/2014,0.039
20/06/2014,0.0391
19/06/2014,0.03875
18/06/2014,0.03873
17/06/2014,0.03866
16/06/2014,0.03825
13/06/2014,0.03796
12/06/2014,0.03787
11/06/2014,0.0376
10/06/2014,0.03729
09/06/2014,0.03715
06/06/2014,0.03699
05/06/2014,0.03688
04/06/2014,0.03678
03/06/2014,0.0367
30/05/2014,0.03623
29/05/2014,0.0362
28/05/2014,0.0361
27/05/2014,0.03601
26/05/2014,0.03589
23/05/2014,0.03575
22/05/2014,0.0357
21/05/2014,0.03578
20/05/2014,0.0358
19/05/2014,0.0357
16/05/2014,0.03555
15/05/2014,0.03543
14/05/2014,0.0353
13/05/2014,0.03498
12/05/2014,0.03481
09/05/2014,0.03471
08/05/2014,0.03456
07/05/2014,0.03446
06/05/2014,0.03419
05/05/2014,0.03407
02/05/2014,0.03398
30/04/2014,0.03398
29/04/2014,0.03408
28/04/2014,0.03401
25/04/2014,0.03154
24/04/2014,0.03154
23/04/2014,0.03152
22/04/2014,0.03149
21/04/2014,0.03151
16/04/2014,0.03147
15/04/2014,0.0314
14/04/2014,0.03135
11/04/2014,0.0313
10/04/2014,0.0313
09/04/2014,0.03127
08/04/2014,0.03124
07/04/2014,0.0312
04/04/2014,0.03114
03/04/2014,0.03112
02/04/2014,0.0311
01/04/2014,0.03107
31/03/2014,0.03113
28/03/2014,0.0311
27/03/2014,0.03114
26/03/2014,0.03112
25/03/2014,0.03114
21/03/2014,0.03113
20/03/2014,0.03111
19/03/2014,0.03112
18/03/2014,0.03119
17/03/2014,0.03123
14/03/2014,0.03125
13/03/2014,0.03129
12/03/2014,0.03131
11/03/2014,0.03142
10/03/2014,0.03149
07/03/2014,0.03152
06/03/2014,0.03153
05/03/2014,0.03157
04/03/2014,0.03158
03/03/2014,0.03159
28/02/2014,0.03163
27/02/2014,0.03164
26/02/2014,0.03166
25/02/2014,0.03167
24/02/2014,0.03166
21/02/2014,0.03168
20/02/2014,0.03171
19/02/2014,0.0317
18/02/2014,0.03171
17/02/2014,0.03173
14/02/2014,0.03176
13/02/2014,0.03179
12/02/2014,0.03181
11/02/2014,0.03184
10/02/2014,0.03186
07/02/2014,0.0319
06/02/2014,0.0319
05/02/2014,0.0319
04/02/2014,0.03188
03/02/2014,0.03184
31/01/2014,0.03178
30/01/2014,0.03171
29/01/2014,0.03167
28/01/2014,0.03162
27/01/2014,0.0316
24/01/2014,0.0316
23/01/2014,0.03158
22/01/2014,0.03155
21/01/2014,0.03156
20/01/2014,0.03158
17/01/2014,0.03155
16/01/2014,0.03157
15/01/2014,0.03156
14/01/2014,0.03155
13/01/2014,0.03152
10/01/2014,0.03148
09/01/2014,0.03151
08/01/2014,0.03152
07/01/2014,0.03151
03/01/2014,0.03147
02/01/2014,0.03152
30/12/2013,0.03155
27/12/2013,0.03152
26/12/2013,0.0315
24/12/2013,0.03151
23/12/2013,0.03147
20/12/2013,0.03145
19/12/2013,0.03142
18/12/2013,0.03137
17/12/2013,0.03133
16/12/2013,0.03135
13/12/2013,0.03133
12/12/2013,0.03133
11/12/2013,0.03132
10/12/2013,0.03125
09/12/2013,0.0313
06/12/2013,0.03137
05/12/2013,0.03144
04/12/2013,0.03145
03/12/2013,0.03146
02/12/2013,0.03145
29/11/2013,0.03138
28/11/2013,0.03135
27/11/2013,0.03143
26/11/2013,0.03144
25/11/2013,0.03151
22/11/2013,0.03156
21/11/2013,0.03158
20/11/2013,0.0316
19/11/2013,0.03159
18/11/2013,0.03167
15/11/2013,0.03159
14/11/2013,0.03168
13/11/2013,0.03171
12/11/2013,0.03168
08/11/2013,0.03167
07/11/2013,0.03162
06/11/2013,0.03162
05/11/2013,0.03169
01/11/2013,0.03173
31/10/2013,0.03164
30/10/2013,0.03162
29/10/2013,0.0315
28/10/2013,0.03147
25/10/2013,0.0316
24/10/2013,0.03149
23/10/2013,0.0315
22/10/2013,0.03151
21/10/2013,0.03161
18/10/2013,0.0316
17/10/2013,0.03163
16/10/2013,0.0316
15/10/2013,0.03161
11/10/2013,0.0316
10/10/2013,0.03167
09/10/2013,0.03173
08/10/2013,0.03174
07/10/2013,0.0317
04/10/2013,0.0316
03/10/2013,0.03165
02/10/2013,0.03172
01/10/2013,0.03182
30/09/2013,0.03181
27/09/2013,0.03155
26/09/2013,0.03162
25/09/2013,0.0317
24/09/2013,0.03177
23/09/2013,0.03172
20/09/2013,0.03145
19/09/2013,0.03115
18/09/2013,0.03095
17/09/2013,0.03066
16/09/2013,0.03016
13/09/2013,0.0304
12/09/2013,0.03055
11/09/2013,0.03063
10/09/2013,0.0308
09/09/2013,0.03089
06/09/2013,0.03115
05/09/2013,0.03121
04/09/2013,0.03126
03/09/2013,0.03149
02/09/2013,0.03166
30/08/2013,0.03174
29/08/2013,0.03178
28/08/2013,0.03176
27/08/2013,0.03176
26/08/2013,0.03173
23/08/2013,0.0317
22/08/2013,0.03166
21/08/2013,0.03167
20/08/2013,0.03172
16/08/2013,0.03175
15/08/2013,0.03175
14/08/2013,0.03175
13/08/2013,0.03175
12/08/2013,0.03177
09/08/2013,0.03175
08/08/2013,0.0317
06/08/2013,0.03166
05/08/2013,0.0316
02/08/2013,0.03159
01/08/2013,0.03162
31/07/2013,0.0316
30/07/2013,0.03164
29/07/2013,0.03164
26/07/2013,0.03163
25/07/2013,0.0316
24/07/2013,0.03156
23/07/2013,0.03147
22/07/2013,0.03123
19/07/2013,0.03094
18/07/2013,0.03078
17/07/2013,0.03071
16/07/2013,0.03078
15/07/2013,0.03089
12/07/2013,0.03094
11/07/2013,0.03109
10/07/2013,0.0312
09/07/2013,0.03124
08/07/2013,0.03126
05/07/2013,0.03128
04/07/2013,0.0313
03/07/2013,0.03131
02/07/2013,0.03133
28/06/2013,0.03133
27/06/2013,0.03134
26/06/2013,0.03137
25/06/2013,0.03139
24/06/2013,0.03138
21/06/2013,0.03135
20/06/2013,0.03135
19/06/2013,0.0313
18/06/2013,0.0313
17/06/2013,0.0313
14/06/2013,0.0313
13/06/2013,0.0313
12/06/2013,0.03135
11/06/2013,0.03136
07/06/2013,0.03138
06/06/2013,0.0314
05/06/2013,0.0314
04/06/2013,0.03143
31/05/2013,0.03142
30/05/2013,0.03149
29/05/2013,0.03139
28/05/2013,0.03135
27/05/2013,0.0313
24/05/2013,0.0313
23/05/2013,0.03124
22/05/2013,0.03121
21/05/2013,0.03113
20/05/2013,0.03112
17/05/2013,0.03123
16/05/2013,0.03122
15/05/2013,0.03117
14/05/2013,0.03118
10/05/2013,0.03107
09/05/2013,0.03091
08/05/2013,0.03084
07/05/2013,0.0308
06/05/2013,0.03073
03/05/2013,0.03075
02/05/2013,0.03073
30/04/2013,0.03073
29/04/2013,0.03074
26/04/2013,0.0303
25/04/2013,0.0305
24/04/2013,0.03053
23/04/2013,0.0306
22/04/2013,0.03055
19/04/2013,0.03075
18/04/2013,0.03064
17/04/2013,0.03054
16/04/2013,0.03047
15/04/2013,0.03042
12/04/2013,0.0304
11/04/2013,0.0304
10/04/2013,0.03053
09/04/2013,0.03062
08/04/2013,0.0307
05/04/2013,0.03083
04/04/2013,0.03094
03/04/2013,0.03113
02/04/2013,0.03102
01/04/2013,0.03125
27/03/2013,0.03125
26/03/2013,0.03115
22/03/2013,0.03412
21/03/2013,0.03418
20/03/2013,0.03426
19/03/2013,0.03439
18/03/2013,0.03459
15/03/2013,0.0347
14/03/2013,0.03476
13/03/2013,0.03488
12/03/2013,0.03492
11/03/2013,0.03511
08/03/2013,0.03518
07/03/2013,0.03522
06/03/2013,0.03528
05/03/2013,0.03552
04/03/2013,0.03573
01/03/2013,0.03597
28/02/2013,0.036
27/02/2013,0.03607
26/02/2013,0.0361
25/02/2013,0.0362
22/02/2013,0.0365
21/02/2013,0.03661
20/02/2013,0.03675
19/02/2013,0.0369
18/02/2013,0.03705
15/02/2013,0.0371
14/02/2013,0.03712
13/02/2013,0.03733
12/02/2013,0.03755
11/02/2013,0.03755
08/02/2013,0.03769
07/02/2013,0.0377
06/02/2013,0.0376
05/02/2013,0.0382
04/02/2013,0.03833
01/02/2013,0.03843
31/01/2013,0.03848
30/01/2013,0.03845
29/01/2013,0.03832
28/01/2013,0.03845
25/01/2013,0.0387
24/01/2013,0.0388
23/01/2013,0.0388
22/01/2013,0.03882
21/01/2013,0.03903
18/01/2013,0.03934
17/01/2013,0.03944
16/01/2013,0.03953
15/01/2013,0.0396
14/01/2013,0.03965
11/01/2013,0.0397
10/01/2013,0.03975
09/01/2013,0.0397
08/01/2013,0.04
04/01/2013,0.04084
03/01/2013,0.04089
02/01/2013,0.04097
28/12/2012,0.04102
27/12/2012,0.04103
26/12/2012,0.04105
24/12/2012,0.04111
21/12/2012,0.0419
20/12/2012,0.04351
19/12/2012,0.0435
18/12/2012,0.0435
17/12/2012,0.0435
14/12/2012,0.0435
13/12/2012,0.0435
12/12/2012,0.0435
11/12/2012,0.04354
10/12/2012,0.04358
07/12/2012,0.04354
06/12/2012,0.04355
05/12/2012,0.04354
04/12/2012,0.0435
03/12/2012,0.04347
30/11/2012,0.0435
29/11/2012,0.04349
28/11/2012,0.04353
27/11/2012,0.04355
26/11/2012,0.0435
23/11/2012,0.04568
22/11/2012,0.04575
21/11/2012,0.04574
20/11/2012,0.04574
19/11/2012,0.04573
16/11/2012,0.04563
15/11/2012,0.0456
14/11/2012,0.04563
13/11/2012,0.04565
09/11/2012,0.0457
08/11/2012,0.04578
07/11/2012,0.04575
06/11/2012,0.0458
02/11/2012,0.0458
01/11/2012,0.0458
31/10/2012,0.0458
30/10/2012,0.04585
29/10/2012,0.04585
26/10/2012,0.04563
25/10/2012,0.0456
24/10/2012,0.04556
23/10/2012,0.04551
22/10/2012,0.04547
19/10/2012,0.04574
18/10/2012,0.04602
17/10/2012,0.04601
16/10/2012,0.04598
12/10/2012,0.046
11/10/2012,0.04598
10/10/2012,0.04591
09/10/2012,0.04585
08/10/2012,0.04591
05/10/2012,0.04587
04/10/2012,0.04585
03/10/2012,0.04581
02/10/2012,0.04589
01/10/2012,0.0458
28/09/2012,0.0445
27/09/2012,0.04474
26/09/2012,0.04505
25/09/2012,0.04498
24/09/2012,0.04485
21/09/2012,0.04483
20/09/2012,0.045
19/09/2012,0.04558
18/09/2012,0.04561
17/09/2012,0.04552
14/09/2012,0.0454
13/09/2012,0.0453
12/09/2012,0.04525
11/09/2012,0.04521
10/09/2012,0.04538
07/09/2012,0.04536
06/09/2012,0.04536
05/09/2012,0.04567
04/09/2012,0.04595
03/09/2012,0.04611
31/08/2012,0.04637
30/08/2012,0.04659
29/08/2012,0.04661
28/08/2012,0.04655
27/08/2012,0.0464
24/08/2012,0.04671
23/08/2012,0.04715
22/08/2012,0.04755
21/08/2012,0.04838
17/08/2012,0.04857
16/08/2012,0.04868
15/08/2012,0.0488
14/08/2012,0.0489
13/08/2012,0.049
10/08/2012,0.04907
09/08/2012,0.04915
08/08/2012,0.04915
06/08/2012,0.0492
03/08/2012,0.0492
02/08/2012,0.0491
01/08/2012,0.0489
